logged_at,season,week,player_id,player,market,side,line,price,book,p_blend,ev,stake_pct
2026-10-08T04:25,2026,5,00-0039746,Will Shipley,player_rush_yds,Under,35.5,1.88,fanduel,0.7996348233740992,0.5033134679433064,0.02
2026-10-08T04:25,2026,5,00-0035993,Tyler Huntley,player_pass_yds,Under,175.5,1.88,draftkings,0.7716476513806012,0.4506975845955302,0.02
2026-10-08T04:25,2026,5,00-0035993,Tyler Huntley,player_pass_yds,Under,173.5,1.89,betonlineag,0.7661468105813911,0.44801747199882913,0.02
2026-10-08T04:25,2026,5,00-0035993,Tyler Huntley,player_pass_yds,Under,174.5,1.88,betrivers,0.768292571822794,0.4443900350268526,0.02
2026-10-08T04:25,2026,5,00-0039917,Michael Penix Jr.,player_rush_yds,Over,0.5,1.98,fanduel,0.714186568189916,0.4140894050160337,0.02
2026-10-08T04:25,2026,5,00-0033106,Jared Goff,player_rush_yds,Over,0.5,1.88,fanduel,0.7462224491138203,0.4028982043339821,0.02
2026-10-08T04:25,2026,5,00-0029604,Kirk Cousins,player_rush_yds,Over,0.5,1.98,fanduel,0.7069148272780655,0.3996913580105698,0.02
2026-10-08T04:25,2026,5,00-0039794,Braelon Allen,player_rush_yds,Under,71.5,1.91,draftkings,0.7283740072399908,0.3911943538283824,0.02
2026-10-08T04:25,2026,5,00-0039794,Braelon Allen,player_rush_yds,Under,72.5,1.87,betmgm,0.7329944610517116,0.3706996421667008,0.02
2026-10-08T04:25,2026,5,00-0039794,Braelon Allen,player_rush_yds,Under,70.5,1.87,betrivers,0.7250823081682979,0.35590391627471707,0.02
2026-10-08T04:25,2026,5,00-0038416,Tyson Bagent,player_pass_yds,Under,218.5,1.9,draftkings,0.7033419641544484,0.33634973189345185,0.02
2026-10-08T04:25,2026,5,00-0041251,Jalon Daniels,player_pass_yds,Under,185.5,1.88,betrivers,0.7095877148412928,0.3340249039016304,0.02
2026-10-08T04:25,2026,5,00-0026498,Matthew Stafford,player_rush_yds,Over,1.5,2.02,fanduel,0.6578924913955309,0.3289428326189724,0.02
2026-10-08T04:25,2026,5,00-0041251,Jalon Daniels,player_pass_yds,Under,182.5,1.88,fanduel,0.7055770044857405,0.32648476843319196,0.02
2026-10-08T04:25,2026,5,00-0038416,Tyson Bagent,player_pass_yds,Under,219.5,1.88,betonlineag,0.7054860939466111,0.32631385661962875,0.02
2026-10-08T04:25,2026,5,00-0041251,Jalon Daniels,player_pass_yds,Under,181.5,1.88,betonlineag,0.7035090923009676,0.322597093525819,0.02
2026-10-08T04:25,2026,5,00-0038416,Tyson Bagent,player_pass_yds,Under,217.5,1.87,betmgm,0.7026279239510329,0.31391421778843165,0.02
2026-10-08T04:25,2026,5,00-0041251,Jalon Daniels,player_pass_yds,Under,179.5,1.87,betmgm,0.69935182840249,0.30778791911265635,0.02
2026-10-08T04:25,2026,5,00-0038416,Tyson Bagent,player_pass_yds,Under,216.5,1.85,betrivers,0.70337884619525,0.3012508654612126,0.02
2026-10-08T04:25,2026,5,00-0040142,Kaleb Johnson,player_rush_yds,Under,36.5,1.88,fanduel,0.6785091999179592,0.2755972958457632,0.02
2026-10-08T04:25,2026,5,00-0037120,Tyler Goodson,player_rush_yds,Under,16.5,1.91,draftkings,0.6371641633895744,0.21698355207408704,0.02
2026-10-08T04:25,2026,5,00-0038797,Emanuel Wilson,player_receptions,Under,1.5,2.24,fanduel,0.5326162840227354,0.1930604762109276,0.02
2026-10-08T04:25,2026,5,00-0038618,Xavier Hutchinson,player_reception_yds,Over,16.5,1.87,draftkings,0.6377389665133829,0.19257186738002607,0.02
2026-10-08T04:25,2026,5,00-0038618,Xavier Hutchinson,player_reception_yds,Over,15.5,1.83,betmgm,0.6500222336712207,0.18954068761833393,0.02
2026-10-08T04:25,2026,5,00-0041251,Jalon Daniels,player_rush_yds,Under,46.5,1.88,betonlineag,0.632209091809409,0.18855309260168884,0.02
2026-10-08T04:25,2026,5,00-0037120,Tyler Goodson,player_rush_yds,Under,15.5,1.91,betrivers,0.6183833479938189,0.18111219466819406,0.02
2026-10-08T04:25,2026,5,00-0041251,Jalon Daniels,player_rush_yds,Under,45.5,1.87,betrivers,0.6282504448324192,0.17482833183662394,0.02
2026-10-08T04:25,2026,5,00-0041251,Jalon Daniels,player_rush_yds,Under,44.5,1.88,fanduel,0.6242425564424957,0.17357600611189183,0.02
2026-10-08T04:25,2026,5,00-0038618,Xavier Hutchinson,player_reception_yds,Over,17.5,1.88,fanduel,0.6235823416916151,0.17233480238023624,0.02
2026-10-08T04:25,2026,5,00-0039299,George Holani,player_receptions,Under,1.5,2.22,fanduel,0.5263247226672066,0.16844088432119897,0.02
2026-10-08T04:25,2026,5,00-0040198,Ollie Gordon II,player_rush_yds,Under,45.5,1.89,draftkings,0.6140068892922775,0.16047302076240444,0.02
2026-10-08T04:25,2026,5,00-0039798,Isaiah Davis,player_rush_yds,Under,10.5,1.88,fanduel,0.6119756019899645,0.1505141317411336,0.02
2026-10-08T04:25,2026,5,00-0037120,Tyler Goodson,player_rush_yds,Under,14.5,1.87,betmgm,0.6110092305935428,0.14258726120992515,0.02
2026-10-08T04:25,2026,5,00-0038128,Malik Willis,player_pass_yds,Under,193.5,1.89,draftkings,0.6042170688904169,0.14197026020288794,0.02
2026-10-08T04:25,2026,5,00-0031381,Davante Adams,player_receptions,Over,4.5,2.12,betrivers,0.5371604817584068,0.13878022132782258,0.02
2026-10-08T04:25,2026,5,00-0033119,Jacoby Brissett,player_rush_yds,Over,6.5,1.9,draftkings,0.5975100685436525,0.1352691302329398,0.02
2026-10-08T04:25,2026,5,00-0040128,Tyler Warren,player_reception_yds,Under,53.5,1.88,betrivers,0.6018165444149612,0.13141510350012708,0.02
2026-10-08T04:25,2026,5,00-0038128,Malik Willis,player_pass_yds,Under,192.5,1.88,fanduel,0.6013165452485185,0.13047510506721471,0.02
2026-10-08T04:25,2026,5,00-0031503,Jameis Winston,player_rush_yds,Over,2.5,1.98,fanduel,0.5670784223761706,0.1228152763048177,0.02
2026-10-08T04:25,2026,5,00-0041052,Kaelon Black,player_rush_yds,Over,14.5,1.88,betrivers,0.5968536526684426,0.12208486701667198,0.02
2026-10-08T04:25,2026,5,00-0039910,Jayden Daniels,player_pass_yds,Under,197.5,1.9,draftkings,0.5887950189033434,0.11871053591635239,0.02
2026-10-08T04:25,2026,5,00-0039910,Jayden Daniels,player_pass_yds,Under,198.5,1.88,betonlineag,0.5923580696932683,0.11363317102334436,0.02
2026-10-08T04:25,2026,5,00-0040719,Bhayshul Tuten,player_rush_yds,Under,67.5,1.88,betonlineag,0.5922370799298446,0.11340571026810786,0.02
2026-10-08T04:25,2026,5,00-0040666,Omarion Hampton,player_rush_yds,Over,37.5,1.89,betonlineag,0.5884845176141665,0.11223573829077471,0.02
2026-10-08T04:25,2026,5,00-0040667,Matthew Golden,player_receptions,Under,4.5,1.91,betonlineag,0.5807612806698798,0.10925404607947031,0.02
2026-10-08T04:25,2026,5,00-0040128,Tyler Warren,player_reception_yds,Under,50.5,1.88,fanduel,0.5895828299963501,0.10841572039313818,0.02
2026-10-08T04:25,2026,5,00-0039299,George Holani,player_reception_yds,Under,9.5,1.88,fanduel,0.5887968666203542,0.10693810924626634,0.02
2026-10-08T04:25,2026,5,00-0040719,Bhayshul Tuten,player_rush_yds,Under,68.5,1.85,betrivers,0.5983379163273316,0.10692514520556351,0.02
2026-10-08T04:25,2026,5,00-0039910,Jayden Daniels,player_pass_yds,Under,199.5,1.85,betrivers,0.5967706294552277,0.10402566449217132,0.02
2026-10-08T04:25,2026,5,00-0040666,Omarion Hampton,player_rush_yds,Over,38.5,1.87,betmgm,0.5884766915573297,0.10045141321220663,0.02
2026-10-08T04:25,2026,5,00-0040719,Bhayshul Tuten,player_rush_yds,Under,65.5,1.88,fanduel,0.5849773186303652,0.09975735902508642,0.02
2026-10-08T04:25,2026,5,00-0038797,Emanuel Wilson,player_reception_yds,Under,8.5,1.88,fanduel,0.5847274590648456,0.09928762304190974,0.02
2026-10-08T04:25,2026,5,00-0038997,Josh Downs,player_reception_yds,Under,60.5,1.87,betrivers,0.5878531677549457,0.09928542370174842,0.02
2026-10-08T04:25,2026,5,00-0035719,Deebo Samuel,player_receptions,Under,3.5,1.97,betonlineag,0.5577210358433048,0.0987104406113104,0.02
2026-10-08T04:25,2026,5,00-0034975,Justice Hill,player_rush_yds,Under,12.5,1.88,betrivers,0.5826144501226184,0.0953151662305225,0.02
2026-10-08T04:25,2026,5,00-0030279,Keenan Allen,player_receptions,Over,3.5,2.33,betrivers,0.4700870871048464,0.09530291295429216,0.017914081382385743
2026-10-08T04:25,2026,5,00-0038797,Emanuel Wilson,player_rush_yds,Under,62.5,1.87,betmgm,0.5853522121437652,0.09460863670884101,0.02
2026-10-08T04:25,2026,5,00-0038933,Dalton Kincaid,player_reception_yds,Under,50.5,1.88,fanduel,0.5820622363790726,0.0942770043926564,0.02
2026-10-08T04:25,2026,5,00-0040128,Tyler Warren,player_reception_yds,Under,48.5,1.87,draftkings,0.5849584006513332,0.09387220921799311,0.02
2026-10-08T04:25,2026,5,00-0040719,Bhayshul Tuten,player_reception_yds,Under,9.5,1.92,betrivers,0.569525648379874,0.09348924488935795,0.02
2026-10-08T04:25,2026,5,00-0037816,Romeo Doubs,player_receptions,Under,3.5,2.21,draftkings,0.4945156620053498,0.09287961303182302,0.019190002692525417
2026-10-08T04:25,2026,5,00-0031503,Jameis Winston,player_pass_yds,Under,201.5,1.89,betonlineag,0.578192088312304,0.09278304691025441,0.02
2026-10-08T04:25,2026,5,00-0038997,Josh Downs,player_receptions,Under,5.5,1.67,bovada,0.6542818757184288,0.09265073244977601,0.02
2026-10-08T04:25,2026,5,00-0038997,Josh Downs,player_reception_yds,Under,58.5,1.88,draftkings,0.5808555705280405,0.09200847259271605,0.02
2026-10-08T04:25,2026,5,00-0031503,Jameis Winston,player_pass_yds,Under,200.5,1.89,draftkings,0.5775292899918031,0.09153035808450782,0.02
2026-10-08T04:25,2026,5,00-0035228,Kyler Murray,player_pass_yds,Under,214.5,1.9,draftkings,0.5742821115220237,0.09113601189184495,0.02
2026-10-08T04:25,2026,5,00-0038416,Tyson Bagent,player_rush_yds,Under,9.5,1.88,fanduel,0.5803616504747126,0.09107990289245949,0.02
2026-10-08T04:25,2026,5,00-0040730,RJ Harvey,player_rush_yds,Over,17.5,1.91,betrivers,0.5712317864852263,0.09105271218678224,0.02
2026-10-08T04:25,2026,5,00-0035685,David Montgomery,player_rush_yds,Under,47.5,1.92,draftkings,0.5678165150988868,0.09020770898986252,0.02
2026-10-08T04:25,2026,5,00-0040128,Tyler Warren,player_reception_yds,Under,49.5,1.85,betmgm,0.5891810876112568,0.0899850120808251,0.02
2026-10-08T04:25,2026,5,00-0038997,Josh Downs,player_receptions,Under,4.5,2.12,fanduel,0.5140820689718301,0.08985398622027974,0.02
2026-10-08T04:25,2026,5,00-0038933,Dalton Kincaid,player_reception_yds,Under,49.5,1.88,betonlineag,0.579104339506512,0.08871615827224244,0.02
2026-10-08T04:25,2026,5,00-0038797,Emanuel Wilson,player_rush_yds,Under,60.5,1.88,betonlineag,0.5789500378455948,0.08842607114971823,0.02
2026-10-08T04:25,2026,5,00-0038933,Dalton Kincaid,player_receptions,Under,4.5,1.67,bovada,0.651068411159512,0.08728424663638495,0.02
2026-10-08T04:25,2026,5,00-0031503,Jameis Winston,player_pass_yds,Under,202.5,1.87,betrivers,0.580536856419922,0.08560392150525431,0.02
2026-10-08T04:25,2026,5,00-0036919,Kenny Gainwell,player_receptions,Over,1.5,1.66,betrivers,0.653279129980724,0.08444335576800188,0.02
2026-10-08T04:25,2026,5,00-0038618,Xavier Hutchinson,player_receptions,Over,1.5,1.65,draftkings,0.6565620743333427,0.08332742265001536,0.02
2026-10-08T04:25,2026,5,00-0034857,Josh Allen,player_rush_yds,Under,36.5,1.91,draftkings,0.564558780041512,0.07830726987928793,0.02
2026-10-08T04:25,2026,5,00-0037740,Garrett Wilson,player_reception_yds,Under,69.5,1.9,draftkings,0.5669945108978464,0.07728957070590803,0.02
2026-10-08T04:25,2026,5,00-0038996,Tucker Kraft,player_reception_yds,Under,50.5,1.87,draftkings,0.5760669515610921,0.07724519941924235,0.02
2026-10-08T04:25,2026,5,00-0035228,Kyler Murray,player_pass_yds,Under,212.5,1.88,betonlineag,0.5728568175890592,0.07697081706743114,0.02
2026-10-08T04:25,2026,5,00-0034857,Josh Allen,player_rush_yds,Under,38.5,1.87,betmgm,0.5755497901192275,0.07627810752295539,0.02
2026-10-08T04:25,2026,5,00-0034975,Justice Hill,player_rush_yds,Under,11.5,1.91,betonlineag,0.5629035046890082,0.07514569395600568,0.02
2026-10-08T04:25,2026,5,00-0040719,Bhayshul Tuten,player_receptions,Under,1.5,1.88,betonlineag,0.5711370743253134,0.07373769973158906,0.02
2026-10-08T04:25,2026,5,00-0036613,Jaylen Waddle,player_receptions,Under,4.5,1.88,fanduel,0.5709840359399494,0.07344998756710486,0.02
2026-10-08T04:25,2026,5,00-0040730,RJ Harvey,player_rush_yds,Over,18.5,1.88,draftkings,0.5702418750378669,0.07205472507118982,0.02
2026-10-08T04:25,2026,5,00-0039139,Jahmyr Gibbs,player_rush_yds,Under,92.5,1.89,draftkings,0.5672204368836773,0.07204662571015008,0.02
2026-10-08T04:25,2026,5,00-0039338,Brock Bowers,player_receptions,Under,6.5,2.05,bovada,0.522714475753079,0.07156467529381194,0.01703920840328856
2026-10-08T04:25,2026,5,00-0037740,Garrett Wilson,player_receptions,Under,6.5,1.72,draftkings,0.6225860126238318,0.07084794171299086,0.02
2026-10-08T04:25,2026,5,00-0039139,Jahmyr Gibbs,player_rush_yds,Under,94.5,1.87,betmgm,0.5718638538208503,0.06938540664499004,0.01993833524281323
2026-10-08T04:25,2026,5,00-0041100,Josh Cameron,player_receptions,Under,1.5,1.66,fanduel,0.6441185398126091,0.06923677608893114,0.02
2026-10-08T04:25,2026,5,00-0039299,George Holani,player_rush_yds,Under,20.5,1.91,betmgm,0.5593782938972752,0.0684125413437956,0.01879465421532846
2026-10-08T04:25,2026,5,00-0035685,David Montgomery,player_rush_yds,Under,46.5,1.88,fanduel,0.5674474301162312,0.06680116861851465,0.018977604721168936
2026-10-08T04:25,2026,5,00-0030565,Geno Smith,player_rush_yds,Under,11.5,1.87,betrivers,0.5702497214937863,0.06636697919338042,0.019070971032580576
2026-10-08T04:25,2026,5,00-0039338,Brock Bowers,player_reception_yds,Under,73.5,1.88,betonlineag,0.567086317070766,0.06612227609303994,0.018784737526431804
2026-10-08T04:25,2026,5,00-0036358,CeeDee Lamb,player_receptions,Over,6.5,2.15,betrivers,0.49580327982066713,0.06597705161443423,0.014342837307485704
2026-10-08T04:25,2026,5,00-0038996,Tucker Kraft,player_reception_yds,Under,49.5,1.88,betonlineag,0.5668313139944682,0.06564287030960009,0.018648542701590935
2026-10-08T04:25,2026,5,00-0036613,Jaylen Waddle,player_reception_yds,Under,51.5,2.0,betmgm,0.5328088684745702,0.06561773694914041,0.016404434237285104
2026-10-08T04:25,2026,5,00-0037740,Garrett Wilson,player_receptions,Under,5.5,2.1,betmgm,0.5071133991125499,0.06493813813635496,0.01475866775826249
2026-10-08T04:25,2026,5,00-0040237,Tez Johnson,player_receptions,Over,1.5,2.55,betrivers,0.41744851542372424,0.06449371433049667,0.010402211988789786
2026-10-08T04:25,2026,5,00-0030279,Keenan Allen,player_reception_yds,Over,26.5,1.87,draftkings,0.5691688094723879,0.06434567371336547,0.018490136124530304
2026-10-08T04:25,2026,5,00-0037240,Jameson Williams,player_receptions,Over,3.5,1.91,betrivers,0.5570854536024882,0.06403321638075232,0.017591542961745144
2026-10-08T04:25,2026,5,00-0034837,Calvin Ridley,player_receptions,Over,0.5,1.57,draftkings,0.6769515531099746,0.06281393838266014,0.02
2026-10-08T04:25,2026,5,00-0040667,Matthew Golden,player_reception_yds,Under,56.5,1.88,betrivers,0.5652028936872531,0.0625814401320357,0.017778818219328328
2026-10-08T04:25,2026,5,00-0036355,Justin Herbert,player_rush_yds,Under,26.5,1.88,draftkings,0.5650816472866589,0.062353496898918614,0.01771406161901097
2026-10-08T04:25,2026,5,00-0037840,Kyren Williams,player_receptions,Over,2.5,1.7,betrivers,0.6234412441729116,0.05985011509394966,0.02
2026-10-08T04:25,2026,5,00-0037816,Romeo Doubs,player_reception_yds,Under,52.5,1.89,draftkings,0.5605950583447075,0.059524660271497054,0.016720410188622768
2026-10-08T04:25,2026,5,00-0039338,Brock Bowers,player_reception_yds,Under,72.5,1.88,betrivers,0.5634682962535542,0.05932039695668184,0.016852385499057345
2026-10-08T04:25,2026,5,00-0037263,Tyler Allgeier,player_reception_yds,Under,11.5,1.9,betmgm,0.5571677638168672,0.05861875125204752,0.01628298645890209
2026-10-08T04:25,2026,5,00-0037238,Drake London,player_receptions,Under,5.5,2.1,bovada,0.5040841410367898,0.05857669617725858,0.013312885494831495
2026-10-08T04:25,2026,5,00-0040122,Ashton Jeanty,player_receptions,Over,3.5,2.02,betrivers,0.5239431337053709,0.05836513008484934,0.014305178942365033
2026-10-08T04:25,2026,5,00-0039139,Jahmyr Gibbs,player_rush_yds,Under,90.5,1.88,betonlineag,0.5625181396654284,0.05753410257100533,0.016344915503126518
2026-10-08T04:25,2026,5,00-0036389,Jalen Hurts,player_rush_yds,Under,25.5,1.93,draftkings,0.5478048385930043,0.05726333848449827,0.015393370560348998
2026-10-08T04:25,2026,5,00-0036389,Jalen Hurts,player_rush_yds,Under,26.5,1.88,betonlineag,0.5621127952451159,0.056772055060817894,0.016128424733186902
2026-10-08T04:25,2026,5,00-0034837,Calvin Ridley,player_reception_yds,Over,8.5,1.92,draftkings,0.5502930888950399,0.056562730678476614,0.015370307249586037
2026-10-08T04:25,2026,5,00-0040667,Matthew Golden,player_reception_yds,Under,55.5,1.88,betonlineag,0.5619328930161753,0.056433838870409536,0.016032340588184528
2026-10-08T04:25,2026,5,00-0037238,Drake London,player_receptions,Under,6.5,1.65,betmgm,0.6401425242528463,0.05623516501719639,0.02
2026-10-08T04:25,2026,5,00-0036893,Najee Harris,player_rush_yds,Under,33.5,1.83,betrivers,0.5769676491763642,0.05585079799274656,0.016822529515887516
2026-10-08T04:25,2026,5,00-0034869,Sam Darnold,player_pass_yds,Under,227.5,1.88,betonlineag,0.5615875289742427,0.05578455447157621,0.015847884793061425
2026-10-08T04:25,2026,5,00-0038606,Parker Washington,player_receptions,Under,4.5,1.98,fanduel,0.5330140814481258,0.05536788126728909,0.014124459506961503
2026-10-08T04:25,2026,5,00-0037740,Garrett Wilson,player_reception_yds,Under,68.5,1.88,betrivers,0.5613644961988122,0.05536525285376692,0.015728765015274697
2026-10-08T04:25,2026,5,00-0039874,Jaylen Wright,player_rush_yds,Under,22.5,1.87,draftkings,0.5643207733519627,0.05527984616817039,0.015885013266715625
2026-10-08T04:25,2026,5,00-0036613,Jaylen Waddle,player_reception_yds,Under,53.5,1.88,betrivers,0.5611854785253124,0.055028699627587274,0.01563315330329184
2026-10-08T04:25,2026,5,00-0036613,Jaylen Waddle,player_reception_yds,Under,52.5,1.9,betonlineag,0.554826487239472,0.054170325754996806,0.015047312709721337
2026-10-08T04:25,2026,5,00-0034857,Josh Allen,player_rush_yds,Under,37.5,1.83,betrivers,0.5756493348901458,0.053438282848966845,0.01609586832800206
2026-10-08T04:25,2026,5,00-0037239,Chris Olave,player_receptions,Over,6.5,1.96,betrivers,0.5367994054134011,0.05212683461026618,0.013574696513090153
2026-10-08T04:25,2026,5,00-0041048,Ted Hurst III,player_reception_yds,Over,20.5,1.89,draftkings,0.5557105966905093,0.050293027745062446,0.014127254984568105
2026-10-08T04:25,2026,5,00-0040242,Jacory Croskey-Merritt,player_rush_yds,Under,55.5,1.88,betonlineag,0.5579186872155883,0.04888713196530603,0.013888389762871033
2026-10-08T04:25,2026,5,00-0036997,Javonte Williams,player_rush_yds,Under,73.5,1.88,betrivers,0.5575038121280087,0.0481071668006563,0.01366680875018645
2026-10-08T04:25,2026,5,00-0038542,Bijan Robinson,player_reception_yds,Under,26.5,1.92,draftkings,0.5456110477342664,0.04757321164979167,0.01292750316570426
2026-10-08T04:25,2026,5,00-0037816,Romeo Doubs,player_reception_yds,Under,51.5,1.88,betonlineag,0.5569255233558251,0.04701998390895118,0.01335794997413386
2026-10-08T04:25,2026,5,00-0038129,Cade Otton,player_receptions,Over,3.5,2.06,betonlineag,0.5081101638448706,0.046706937520433534,0.011015787151045644
2026-10-08T04:25,2026,5,00-0033090,Hunter Henry,player_receptions,Under,3.5,2.06,fanduel,0.5079237073298773,0.04632283709954732,0.01092519742913852
2026-10-08T04:25,2026,5,00-0036997,Javonte Williams,player_rush_yds,Under,72.5,1.88,betonlineag,0.5563930089419536,0.04601885681087281,0.013073538866725232
2026-10-08T04:25,2026,5,00-0039893,Brian Thomas Jr,player_receptions,Over,2.5,2.45,betrivers,0.426926663534425,0.04597032565934134,0.007925918217127816
2026-10-08T04:25,2026,5,00-0038606,Parker Washington,player_reception_yds,Under,61.5,1.9,betonlineag,0.5504978269637895,0.04594587123119992,0.012762742008666646
2026-10-08T04:25,2026,5,00-0040676,Cam Ward,player_pass_yds,Under,193.5,1.88,draftkings,0.5563403577615895,0.04591987259178826,0.013045418349939848
2026-10-08T04:25,2026,5,00-0038996,Tucker Kraft,player_reception_yds,Under,47.5,1.87,betmgm,0.5592216101217422,0.045744410927657964,0.013144945668867229
2026-10-08T04:25,2026,5,00-0030565,Geno Smith,player_rush_yds,Under,10.5,1.88,draftkings,0.5560608779714934,0.04539445058640751,0.012896150734774863
2026-10-08T04:25,2026,5,00-0030279,Keenan Allen,player_reception_yds,Over,27.5,1.88,fanduel,0.5556957261520369,0.044707965165829255,0.01270112646756513
2026-10-08T04:25,2026,5,00-0038454,Keaton Mitchell,player_rush_yds,Under,32.5,1.88,fanduel,0.55566707244058,0.04465409618829036,0.012685822780764308
2026-10-08T04:25,2026,5,00-0040242,Jacory Croskey-Merritt,player_rush_yds,Under,56.5,1.85,betrivers,0.5646296954594665,0.044564936600013094,0.013107334294121496
2026-10-08T04:25,2026,5,00-0033288,George Kittle,player_reception_yds,Under,58.5,1.85,betrivers,0.5646184424598956,0.044544118550806866,0.013101211338472606
2026-10-08T04:25,2026,5,00-0038996,Tucker Kraft,player_receptions,Under,4.5,1.86,draftkings,0.5613945173408805,0.04419380225403785,0.01284703553896449
2026-10-08T04:25,2026,5,00-0037744,Trey McBride,player_receptions,Over,7.5,1.72,draftkings,0.6070680709466793,0.044157082028288275,0.015332320148711207
2026-10-08T04:25,2026,5,00-0034869,Sam Darnold,player_pass_yds,Under,221.5,1.88,draftkings,0.5553342119914606,0.0440283185439459,0.012508045040893723
2026-10-08T04:25,2026,5,00-0039299,George Holani,player_rush_yds,Under,19.5,1.88,betonlineag,0.5552201652662555,0.04381391070056029,0.012447133721750084
2026-10-08T04:25,2026,5,00-0040583,Woody Marks,player_rush_yds,Over,27.5,1.91,draftkings,0.546467286956699,0.04375251808729502,0.012019922551454678
2026-10-08T04:25,2026,5,00-0036997,Javonte Williams,player_rush_yds,Under,69.5,1.91,draftkings,0.5451459404408087,0.0412287462419445,0.011326578637896842
2026-10-08T04:25,2026,5,00-0039917,Michael Penix Jr.,player_pass_yds,Under,223.5,1.87,betrivers,0.5565815843298592,0.04080756269683666,0.011726311119780649
2026-10-08T04:25,2026,5,00-0038454,Keaton Mitchell,player_rush_yds,Under,31.5,1.9,draftkings,0.547728763461327,0.04068465057652132,0.011301291826811478
2026-10-08T04:25,2026,5,00-0033090,Hunter Henry,player_reception_yds,Under,37.5,1.9,draftkings,0.5476779424070077,0.04058809057331464,0.011274469603698512
2026-10-08T04:25,2026,5,00-0039337,Malik Nabers,player_reception_yds,Under,55.5,1.91,draftkings,0.5444810319312482,0.039958770988684,0.01097768433755055
2026-10-08T04:25,2026,5,00-0034869,Sam Darnold,player_rush_yds,Over,4.5,1.86,draftkings,0.5590948258534943,0.039916376087499594,0.011603597699854532
2026-10-08T04:25,2026,5,00-0039917,Michael Penix Jr.,player_pass_yds,Under,221.5,1.88,fanduel,0.5530236805600183,0.0396845194528343,0.011274011208191563
2026-10-08T04:25,2026,5,00-0039851,Drake Maye,player_rush_yds,Under,31.5,1.88,fanduel,0.5528882109166074,0.03942983652322196,0.011201658103188059
2026-10-08T04:25,2026,5,00-0037840,Kyren Williams,player_reception_yds,Over,19.5,1.88,fanduel,0.5526993789758238,0.039074832474548626,0.011100804680269498
2026-10-08T04:25,2026,5,00-0036997,Javonte Williams,player_rush_yds,Under,71.5,1.88,fanduel,0.5526748133239369,0.03902864904900122,0.011087684388920802
2026-10-08T04:25,2026,5,00-0039874,Jaylen Wright,player_rush_yds,Under,21.5,1.88,betrivers,0.5522812222832124,0.03828869789243927,0.010877470992170249
2026-10-08T04:25,2026,5,00-0038606,Parker Washington,player_reception_yds,Under,62.5,1.87,betrivers,0.5551522497095028,0.03813470695677035,0.01095824912550872
2026-10-08T04:25,2026,5,00-0038542,Bijan Robinson,player_reception_yds,Under,29.5,1.83,betrivers,0.5670455932124985,0.03769343557887228,0.011353444451467553
2026-10-08T04:25,2026,5,00-0036919,Kenny Gainwell,player_reception_yds,Over,10.5,1.89,draftkings,0.548828279591002,0.03728544842699372,0.010473440569380259
2026-10-08T04:25,2026,5,00-0033288,George Kittle,player_reception_yds,Under,56.5,1.87,betmgm,0.5545519756306145,0.037012194429249246,0.010635688054381965
2026-10-08T04:25,2026,5,00-0038041,Jake Ferguson,player_receptions,Under,3.5,1.88,fanduel,0.5514830762103934,0.03678818327553951,0.010451188430550998
2026-10-08T04:25,2026,5,00-0033537,Deshaun Watson,player_pass_yds,Under,209.5,1.89,draftkings,0.5485546258240652,0.0367682428074832,0.010328158091989663
2026-10-08T04:25,2026,5,00-0036893,Najee Harris,player_rush_yds,Under,29.5,1.92,draftkings,0.5396913375101782,0.03620736801954205,0.009838958700962516
2026-10-08T04:25,2026,5,00-0037840,Kyren Williams,player_reception_yds,Over,20.5,1.91,draftkings,0.5423729302479066,0.03593229677350146,0.009871510102610292
2026-10-08T04:25,2026,5,00-0037816,Romeo Doubs,player_reception_yds,Under,50.5,1.87,betmgm,0.553212766217767,0.03450787282722445,0.009916055410121968
2026-10-08T04:25,2026,5,00-0036355,Justin Herbert,player_rush_yds,Under,24.5,1.88,betonlineag,0.5502537068845067,0.034476968942872555,0.009794593449679704
2026-10-08T04:25,2026,5,00-0037238,Drake London,player_reception_yds,Under,82.5,1.88,fanduel,0.5500294117807013,0.03405529414771841,0.009674799473783639
2026-10-08T04:25,2026,5,00-0037238,Drake London,player_reception_yds,Under,81.5,1.89,betonlineag,0.5470889758772188,0.03399816440794351,0.009550046182006606
2026-10-08T04:25,2026,5,00-0039919,Rome Odunze,player_receptions,Over,3.5,2.35,betrivers,0.4399596171377931,0.03390510027381377,0.006278722272928475
2026-10-08T04:25,2026,5,00-0038597,Chase Brown,player_rush_yds,Under,67.5,1.88,fanduel,0.5498771600514307,0.033769060896689684,0.009593483209286843
2026-10-08T04:25,2026,5,00-0040676,Cam Ward,player_pass_yds,Under,190.5,1.88,betonlineag,0.5495142409360491,0.03308677295977219,0.009399651409026192
2026-10-08T04:25,2026,5,00-0038606,Parker Washington,player_reception_yds,Under,60.5,1.88,fanduel,0.5492168325839455,0.032527645257817484,0.009240808311879968
2026-10-08T04:25,2026,5,00-0039032,Tyjae Spears,player_receptions,Under,1.5,2.36,fanduel,0.4375041946768062,0.03250989943726268,0.00597608445537917
2026-10-08T04:25,2026,5,00-0038597,Chase Brown,player_rush_yds,Under,66.5,1.89,draftkings,0.5462705788936827,0.03245139410906023,0.009115560142994446
2026-10-08T04:25,2026,5,00-0033280,Christian McCaffrey,player_reception_yds,Under,36.5,1.88,draftkings,0.5482418163175767,0.030694614677044207,0.008720060987796652
2026-10-08T04:25,2026,5,00-0040583,Woody Marks,player_receptions,Under,1.5,1.89,draftkings,0.5452831941750653,0.0305852369908734,0.008591358705301517
2026-10-08T04:25,2026,5,00-0040743,Tyler Shough,player_rush_yds,Over,9.5,1.88,fanduel,0.548122134125861,0.030469612156618586,0.00865613981722119
