week,player,market,side,line,actual,result,units,p,ev
5,CeeDee Lamb,player_receptions,Over,6.5,2.0,L,-1.0,0.4958032798206671,0.0659770516144342
5,Tez Johnson,player_receptions,Over,1.5,1.0,L,-1.0,0.4174485154237242,0.0644937143304966
5,Cade Otton,player_receptions,Over,3.5,3.0,L,-1.0,0.5081101638448706,0.0467069375204335
5,Javonte Williams,player_rush_yds,Under,69.5,45.0,W,0.9099999999999999,0.5451459404408087,0.0412287462419445
5,Kenny Gainwell,player_reception_yds,Over,10.5,10.0,L,-1.0,0.548828279591002,0.0372854484269937
5,Jake Ferguson,player_receptions,Under,3.5,3.0,W,0.8799999999999999,0.5514830762103934,0.0367881832755395
5,CeeDee Lamb,player_receptions,Over,6.5,2.0,L,-1.0,0.4958032798206671,0.0659770516144342
5,Tez Johnson,player_receptions,Over,1.5,1.0,L,-1.0,0.4174485154237242,0.0644937143304966
5,Cade Otton,player_receptions,Over,3.5,3.0,L,-1.0,0.5081101638448706,0.0467069375204335
5,Javonte Williams,player_rush_yds,Under,69.5,45.0,W,0.9099999999999999,0.5451459404408087,0.0412287462419445
5,Kenny Gainwell,player_reception_yds,Over,10.5,10.0,L,-1.0,0.548828279591002,0.0372854484269937
5,Jake Ferguson,player_receptions,Under,3.5,3.0,W,0.8799999999999999,0.5514830762103934,0.0367881832755395
5,CeeDee Lamb,player_receptions,Over,6.5,2.0,L,-1.0,0.4958032798206671,0.0659770516144342
5,Tez Johnson,player_receptions,Over,1.5,1.0,L,-1.0,0.4174485154237242,0.0644937143304966
5,Cade Otton,player_receptions,Over,3.5,3.0,L,-1.0,0.5081101638448706,0.0467069375204335
5,Javonte Williams,player_rush_yds,Under,69.5,45.0,W,0.9099999999999999,0.5451459404408087,0.0412287462419445
5,Kenny Gainwell,player_reception_yds,Over,10.5,10.0,L,-1.0,0.548828279591002,0.0372854484269937
5,Jake Ferguson,player_receptions,Under,3.5,3.0,W,0.8799999999999999,0.5514830762103934,0.0367881832755395
5,CeeDee Lamb,player_receptions,Over,6.5,2.0,L,-1.0,0.4958032798206671,0.0659770516144342
5,Tez Johnson,player_receptions,Over,1.5,1.0,L,-1.0,0.4174485154237242,0.0644937143304966
5,Cade Otton,player_receptions,Over,3.5,3.0,L,-1.0,0.5081101638448706,0.0467069375204335
5,Javonte Williams,player_rush_yds,Under,69.5,45.0,W,0.9099999999999999,0.5451459404408087,0.0412287462419445
5,Kenny Gainwell,player_reception_yds,Over,10.5,10.0,L,-1.0,0.548828279591002,0.0372854484269937
5,Jake Ferguson,player_receptions,Under,3.5,3.0,W,0.8799999999999999,0.5514830762103934,0.0367881832755395
5,CeeDee Lamb,player_receptions,Over,6.5,2.0,L,-1.0,0.4958032798206671,0.0659770516144342
5,Tez Johnson,player_receptions,Over,1.5,1.0,L,-1.0,0.4174485154237242,0.0644937143304966
5,Cade Otton,player_receptions,Over,3.5,3.0,L,-1.0,0.5081101638448706,0.0467069375204335
5,Javonte Williams,player_rush_yds,Under,69.5,45.0,W,0.9099999999999999,0.5451459404408087,0.0412287462419445
5,Kenny Gainwell,player_reception_yds,Over,10.5,10.0,L,-1.0,0.548828279591002,0.0372854484269937
5,Jake Ferguson,player_receptions,Under,3.5,3.0,W,0.8799999999999999,0.5514830762103934,0.0367881832755395
5,CeeDee Lamb,player_receptions,Over,6.5,2.0,L,-1.0,0.4958032798206671,0.0659770516144342
5,Tez Johnson,player_receptions,Over,1.5,1.0,L,-1.0,0.4174485154237242,0.0644937143304966
5,Cade Otton,player_receptions,Over,3.5,3.0,L,-1.0,0.5081101638448706,0.0467069375204335
5,Javonte Williams,player_rush_yds,Under,69.5,45.0,W,0.9099999999999999,0.5451459404408087,0.0412287462419445
5,Kenny Gainwell,player_reception_yds,Over,10.5,10.0,L,-1.0,0.548828279591002,0.0372854484269937
5,Jake Ferguson,player_receptions,Under,3.5,3.0,W,0.8799999999999999,0.5514830762103934,0.0367881832755395
5,CeeDee Lamb,player_receptions,Over,6.5,2.0,L,-1.0,0.4958032798206671,0.0659770516144342
5,Tez Johnson,player_receptions,Over,1.5,1.0,L,-1.0,0.4174485154237242,0.0644937143304966
5,Cade Otton,player_receptions,Over,3.5,3.0,L,-1.0,0.5081101638448706,0.0467069375204335
5,Javonte Williams,player_rush_yds,Under,69.5,45.0,W,0.9099999999999999,0.5451459404408087,0.0412287462419445
5,Kenny Gainwell,player_reception_yds,Over,10.5,10.0,L,-1.0,0.548828279591002,0.0372854484269937
5,Jake Ferguson,player_receptions,Under,3.5,3.0,W,0.8799999999999999,0.5514830762103934,0.0367881832755395
5,CeeDee Lamb,player_receptions,Over,6.5,2.0,L,-1.0,0.4958032798206671,0.0659770516144342
5,Tez Johnson,player_receptions,Over,1.5,1.0,L,-1.0,0.4174485154237242,0.0644937143304966
5,Cade Otton,player_receptions,Over,3.5,3.0,L,-1.0,0.5081101638448706,0.0467069375204335
5,Javonte Williams,player_rush_yds,Under,69.5,45.0,W,0.9099999999999999,0.5451459404408087,0.0412287462419445
5,Kenny Gainwell,player_reception_yds,Over,10.5,10.0,L,-1.0,0.548828279591002,0.0372854484269937
5,Jake Ferguson,player_receptions,Under,3.5,3.0,W,0.8799999999999999,0.5514830762103934,0.0367881832755395
5,CeeDee Lamb,player_receptions,Over,6.5,2.0,L,-1.0,0.4958502743703336,0.0660780898962171
5,Kenny Gainwell,player_receptions,Over,1.5,3.0,W,0.6599999999999999,0.6418788483899587,0.0655188883273313
5,Tez Johnson,player_receptions,Over,1.5,1.0,L,-1.0,0.4143237852789502,0.0565256524613231
5,Cade Otton,player_receptions,Over,3.5,3.0,L,-1.0,0.5081101638448706,0.0467069375204335
5,Javonte Williams,player_rush_yds,Under,69.5,45.0,W,0.9099999999999999,0.5452542590809368,0.0414356348445892
5,Jake Ferguson,player_receptions,Under,3.5,3.0,W,0.8799999999999999,0.5528548614061184,0.0393671394435025
5,CeeDee Lamb,player_receptions,Over,6.5,2.0,L,-1.0,0.4958502743703336,0.0660780898962171
5,Kenny Gainwell,player_receptions,Over,1.5,3.0,W,0.6599999999999999,0.6418788483899587,0.0655188883273313
5,Tez Johnson,player_receptions,Over,1.5,1.0,L,-1.0,0.4143237852789502,0.0565256524613231
5,Cade Otton,player_receptions,Over,3.5,3.0,L,-1.0,0.5081101638448706,0.0467069375204335
5,Javonte Williams,player_rush_yds,Under,69.5,45.0,W,0.9099999999999999,0.5452542590809368,0.0414356348445892
5,Jake Ferguson,player_receptions,Under,3.5,3.0,W,0.8799999999999999,0.5528548614061184,0.0393671394435025
5,CeeDee Lamb,player_receptions,Over,6.5,2.0,L,-1.0,0.4958502743703336,0.0660780898962171
5,Kenny Gainwell,player_receptions,Over,1.5,3.0,W,0.6599999999999999,0.6418788483899587,0.0655188883273313
5,Tez Johnson,player_receptions,Over,1.5,1.0,L,-1.0,0.4143237852789502,0.0565256524613231
5,Cade Otton,player_receptions,Over,3.5,3.0,L,-1.0,0.5081101638448706,0.0467069375204335
5,Javonte Williams,player_rush_yds,Under,69.5,45.0,W,0.9099999999999999,0.5452542590809368,0.0414356348445892
5,Jake Ferguson,player_receptions,Under,3.5,3.0,W,0.8799999999999999,0.5528548614061184,0.0393671394435025
5,CeeDee Lamb,player_receptions,Over,6.5,2.0,L,-1.0,0.4958502743703336,0.0660780898962171
5,Kenny Gainwell,player_receptions,Over,1.5,3.0,W,0.6599999999999999,0.6418788483899587,0.0655188883273313
5,Tez Johnson,player_receptions,Over,1.5,1.0,L,-1.0,0.4143237852789502,0.0565256524613231
5,Cade Otton,player_receptions,Over,3.5,3.0,L,-1.0,0.5081101638448706,0.0467069375204335
5,Javonte Williams,player_rush_yds,Under,69.5,45.0,W,0.9099999999999999,0.5452542590809368,0.0414356348445892
5,Jake Ferguson,player_receptions,Under,3.5,3.0,W,0.8799999999999999,0.5528548614061184,0.0393671394435025
5,CeeDee Lamb,player_receptions,Over,6.5,2.0,L,-1.0,0.4958502743703336,0.0660780898962171
5,Kenny Gainwell,player_receptions,Over,1.5,3.0,W,0.6599999999999999,0.6418788483899587,0.0655188883273313
5,Tez Johnson,player_receptions,Over,1.5,1.0,L,-1.0,0.4143237852789502,0.0565256524613231
5,Cade Otton,player_receptions,Over,3.5,3.0,L,-1.0,0.5081101638448706,0.0467069375204335
5,Javonte Williams,player_rush_yds,Under,69.5,45.0,W,0.9099999999999999,0.5452542590809368,0.0414356348445892
5,Jake Ferguson,player_receptions,Under,3.5,3.0,W,0.8799999999999999,0.5528548614061184,0.0393671394435025
5,CeeDee Lamb,player_receptions,Over,6.5,2.0,L,-1.0,0.4958502743703336,0.0660780898962171
5,Kenny Gainwell,player_receptions,Over,1.5,3.0,W,0.6599999999999999,0.6418788483899587,0.0655188883273313
5,Tez Johnson,player_receptions,Over,1.5,1.0,L,-1.0,0.4143237852789502,0.0565256524613231
5,Cade Otton,player_receptions,Over,3.5,3.0,L,-1.0,0.5081101638448706,0.0467069375204335
5,Javonte Williams,player_rush_yds,Under,69.5,45.0,W,0.9099999999999999,0.5452542590809368,0.0414356348445892
5,Jake Ferguson,player_receptions,Under,3.5,3.0,W,0.8799999999999999,0.5528548614061184,0.0393671394435025
5,CeeDee Lamb,player_receptions,Over,6.5,2.0,L,-1.0,0.4958502743703336,0.0660780898962171
5,Kenny Gainwell,player_receptions,Over,1.5,3.0,W,0.6599999999999999,0.6418788483899587,0.0655188883273313
5,Tez Johnson,player_receptions,Over,1.5,1.0,L,-1.0,0.4143237852789502,0.0565256524613231
5,Cade Otton,player_receptions,Over,3.5,3.0,L,-1.0,0.5081101638448706,0.0467069375204335
5,Javonte Williams,player_rush_yds,Under,69.5,45.0,W,0.9099999999999999,0.5452542590809368,0.0414356348445892
5,Jake Ferguson,player_receptions,Under,3.5,3.0,W,0.8799999999999999,0.5528548614061184,0.0393671394435025
5,Kenny Gainwell,player_rush_yds,Under,12.5,18.0,L,-1.0,0.5465599054669977,0.0603262166059755
5,Jake Ferguson,player_receptions,Under,3.5,3.0,W,0.8799999999999999,0.5623003748538761,0.0571247047252869
5,Javonte Williams,player_rush_yds,Under,69.5,45.0,W,0.9099999999999999,0.5531442520465667,0.0565055214089423
5,Cade Otton,player_receptions,Over,3.5,3.0,L,-1.0,0.506361110990719,0.0431038886408812
5,George Pickens,player_receptions,Under,4.5,9.0,L,-1.0,0.5332042164180465,0.0397482220151906
5,Emeka Egbuka,player_receptions,Over,3.5,6.0,W,1.35,0.4402699755499436,0.0346344425423675
5,CeeDee Lamb,player_reception_yds,Over,82.5,9.0,L,-1.0,0.5493042193666942,0.0326919324093849
5,Tez Johnson,player_receptions,Over,1.5,1.0,L,-1.0,0.4048614669465101,0.0323967407136006
5,George Pickens,player_reception_yds,Under,63.5,130.0,L,-1.0,0.5491172129111298,0.0323403602729239
5,Cade Otton,player_reception_yds,Over,29.5,25.0,L,-1.0,0.548854365115803,0.0318462064177095
5,Kenny Gainwell,player_rush_yds,Under,12.5,18.0,L,-1.0,0.5465599054669977,0.0603262166059755
5,Jake Ferguson,player_receptions,Under,3.5,3.0,W,0.8799999999999999,0.5623003748538761,0.0571247047252869
5,Javonte Williams,player_rush_yds,Under,69.5,45.0,W,0.9099999999999999,0.5531442520465667,0.0565055214089423
5,Cade Otton,player_receptions,Over,3.5,3.0,L,-1.0,0.506361110990719,0.0431038886408812
5,George Pickens,player_receptions,Under,4.5,9.0,L,-1.0,0.5332042164180465,0.0397482220151906
5,Emeka Egbuka,player_receptions,Over,3.5,6.0,W,1.35,0.4402699755499436,0.0346344425423675
5,CeeDee Lamb,player_reception_yds,Over,82.5,9.0,L,-1.0,0.5493042193666942,0.0326919324093849
5,Tez Johnson,player_receptions,Over,1.5,1.0,L,-1.0,0.4048614669465101,0.0323967407136006
5,George Pickens,player_reception_yds,Under,63.5,130.0,L,-1.0,0.5491172129111298,0.0323403602729239
5,Cade Otton,player_reception_yds,Over,29.5,25.0,L,-1.0,0.548854365115803,0.0318462064177095
5,Kenny Gainwell,player_rush_yds,Under,12.5,18.0,L,-1.0,0.5465599054669977,0.0603262166059755
5,Jake Ferguson,player_receptions,Under,3.5,3.0,W,0.8799999999999999,0.5623003748538761,0.0571247047252869
5,Javonte Williams,player_rush_yds,Under,69.5,45.0,W,0.9099999999999999,0.5531442520465667,0.0565055214089423
5,Cade Otton,player_receptions,Over,3.5,3.0,L,-1.0,0.506361110990719,0.0431038886408812
5,George Pickens,player_receptions,Under,4.5,9.0,L,-1.0,0.5332042164180465,0.0397482220151906
5,Emeka Egbuka,player_receptions,Over,3.5,6.0,W,1.35,0.4402699755499436,0.0346344425423675
5,CeeDee Lamb,player_reception_yds,Over,82.5,9.0,L,-1.0,0.5493042193666942,0.0326919324093849
5,Tez Johnson,player_receptions,Over,1.5,1.0,L,-1.0,0.4048614669465101,0.0323967407136006
5,George Pickens,player_reception_yds,Under,63.5,130.0,L,-1.0,0.5491172129111292,0.0323403602729229
5,Cade Otton,player_reception_yds,Over,29.5,25.0,L,-1.0,0.548854365115803,0.0318462064177095
5,Kenny Gainwell,player_rush_yds,Under,12.5,18.0,L,-1.0,0.5465599054669977,0.0603262166059755
5,Jake Ferguson,player_receptions,Under,3.5,3.0,W,0.8799999999999999,0.5623003748538761,0.0571247047252869
5,Javonte Williams,player_rush_yds,Under,69.5,45.0,W,0.9099999999999999,0.5531442520465667,0.0565055214089423
5,Cade Otton,player_receptions,Over,3.5,3.0,L,-1.0,0.506361110990719,0.0431038886408812
5,George Pickens,player_receptions,Under,4.5,9.0,L,-1.0,0.5332042164180465,0.0397482220151906
5,Emeka Egbuka,player_receptions,Over,3.5,6.0,W,1.35,0.4402699755499436,0.0346344425423675
5,CeeDee Lamb,player_reception_yds,Over,82.5,9.0,L,-1.0,0.5493042193666942,0.0326919324093849
5,Tez Johnson,player_receptions,Over,1.5,1.0,L,-1.0,0.4048614669465101,0.0323967407136006
5,George Pickens,player_reception_yds,Under,63.5,130.0,L,-1.0,0.5491172129111292,0.0323403602729229
5,Cade Otton,player_reception_yds,Over,29.5,25.0,L,-1.0,0.548854365115803,0.0318462064177095
5,Kenny Gainwell,player_rush_yds,Under,12.5,18.0,L,-1.0,0.5465599054669977,0.0603262166059755
5,Jake Ferguson,player_receptions,Under,3.5,3.0,W,0.8799999999999999,0.5623003748538761,0.0571247047252869
5,Javonte Williams,player_rush_yds,Under,69.5,45.0,W,0.9099999999999999,0.5531442520465667,0.0565055214089423
5,Cade Otton,player_receptions,Over,3.5,3.0,L,-1.0,0.506361110990719,0.0431038886408812
5,George Pickens,player_receptions,Under,4.5,9.0,L,-1.0,0.5332042164180465,0.0397482220151906
5,Emeka Egbuka,player_receptions,Over,3.5,6.0,W,1.35,0.4402699755499436,0.0346344425423675
5,CeeDee Lamb,player_reception_yds,Over,82.5,9.0,L,-1.0,0.5493042193666942,0.0326919324093849
5,Tez Johnson,player_receptions,Over,1.5,1.0,L,-1.0,0.4048614669465101,0.0323967407136006
5,George Pickens,player_reception_yds,Under,63.5,130.0,L,-1.0,0.5491172129111292,0.0323403602729229
5,Cade Otton,player_reception_yds,Over,29.5,25.0,L,-1.0,0.548854365115803,0.0318462064177095
5,Kenny Gainwell,player_rush_yds,Under,12.5,18.0,L,-1.0,0.5465599054669977,0.0603262166059755
5,Jake Ferguson,player_receptions,Under,3.5,3.0,W,0.8799999999999999,0.5623003748538761,0.0571247047252869
5,Javonte Williams,player_rush_yds,Under,69.5,45.0,W,0.9099999999999999,0.5531442520465667,0.0565055214089423
5,Cade Otton,player_receptions,Over,3.5,3.0,L,-1.0,0.506361110990719,0.0431038886408812
5,George Pickens,player_receptions,Under,4.5,9.0,L,-1.0,0.5332042164180465,0.0397482220151906
5,Emeka Egbuka,player_receptions,Over,3.5,6.0,W,1.35,0.4402699755499436,0.0346344425423675
5,CeeDee Lamb,player_reception_yds,Over,82.5,9.0,L,-1.0,0.5493042193666942,0.0326919324093849
5,Tez Johnson,player_receptions,Over,1.5,1.0,L,-1.0,0.4048614669465101,0.0323967407136006
5,George Pickens,player_reception_yds,Under,63.5,130.0,L,-1.0,0.5491172129111292,0.0323403602729229
5,Cade Otton,player_reception_yds,Over,29.5,25.0,L,-1.0,0.548854365115803,0.0318462064177095
5,Kenny Gainwell,player_rush_yds,Under,12.5,18.0,L,-1.0,0.5465599054669977,0.0603262166059755
5,Jake Ferguson,player_receptions,Under,3.5,3.0,W,0.8799999999999999,0.5623003748538761,0.0571247047252869
5,Javonte Williams,player_rush_yds,Under,69.5,45.0,W,0.9099999999999999,0.5531442520465667,0.0565055214089423
5,Cade Otton,player_receptions,Over,3.5,3.0,L,-1.0,0.506361110990719,0.0431038886408812
5,George Pickens,player_receptions,Under,4.5,9.0,L,-1.0,0.5332042164180465,0.0397482220151906
5,Emeka Egbuka,player_receptions,Over,3.5,6.0,W,1.35,0.4402699755499436,0.0346344425423675
5,CeeDee Lamb,player_reception_yds,Over,82.5,9.0,L,-1.0,0.5493042193666942,0.0326919324093849
5,Tez Johnson,player_receptions,Over,1.5,1.0,L,-1.0,0.4048614669465101,0.0323967407136006
5,George Pickens,player_reception_yds,Under,63.5,130.0,L,-1.0,0.5491172129111292,0.0323403602729229
5,Cade Otton,player_reception_yds,Over,29.5,25.0,L,-1.0,0.548854365115803,0.0318462064177095
5,Kenny Gainwell,player_rush_yds,Under,12.5,18.0,L,-1.0,0.5465599054669977,0.0603262166059755
5,Jake Ferguson,player_receptions,Under,3.5,3.0,W,0.8799999999999999,0.5623003748538761,0.0571247047252869
5,Javonte Williams,player_rush_yds,Under,69.5,45.0,W,0.9099999999999999,0.5531442520465667,0.0565055214089423
5,Cade Otton,player_receptions,Over,3.5,3.0,L,-1.0,0.506361110990719,0.0431038886408812
5,George Pickens,player_receptions,Under,4.5,9.0,L,-1.0,0.5332042164180465,0.0397482220151906
5,Emeka Egbuka,player_receptions,Over,3.5,6.0,W,1.35,0.4402699755499436,0.0346344425423675
5,CeeDee Lamb,player_reception_yds,Over,82.5,9.0,L,-1.0,0.5493042193666942,0.0326919324093849
5,Tez Johnson,player_receptions,Over,1.5,1.0,L,-1.0,0.4048614669465101,0.0323967407136006
5,George Pickens,player_reception_yds,Under,63.5,130.0,L,-1.0,0.5491172129111292,0.0323403602729229
5,Cade Otton,player_reception_yds,Over,29.5,25.0,L,-1.0,0.548854365115803,0.0318462064177095
5,Kenny Gainwell,player_rush_yds,Under,12.5,18.0,L,-1.0,0.5465599054669977,0.0603262166059755
5,Jake Ferguson,player_receptions,Under,3.5,3.0,W,0.8799999999999999,0.5623003748538761,0.0571247047252869
5,Javonte Williams,player_rush_yds,Under,69.5,45.0,W,0.9099999999999999,0.5531442520465667,0.0565055214089423
5,Cade Otton,player_receptions,Over,3.5,3.0,L,-1.0,0.506361110990719,0.0431038886408812
5,George Pickens,player_receptions,Under,4.5,9.0,L,-1.0,0.5332042164180465,0.0397482220151906
5,Emeka Egbuka,player_receptions,Over,3.5,6.0,W,1.35,0.4402699755499436,0.0346344425423675
5,CeeDee Lamb,player_reception_yds,Over,82.5,9.0,L,-1.0,0.5493042193666942,0.0326919324093849
5,Tez Johnson,player_receptions,Over,1.5,1.0,L,-1.0,0.4048614669465101,0.0323967407136006
5,George Pickens,player_reception_yds,Under,63.5,130.0,L,-1.0,0.5491172129111298,0.0323403602729239
5,Cade Otton,player_reception_yds,Over,29.5,25.0,L,-1.0,0.548854365115803,0.0318462064177095
