player,position,team,opp,market,side,line,mean,games,injury,report_status,n_books,two_sided,player_id,commence,recent,p_model,p_market,p_blend,price,book,ev,stake_pct,raw_edge,pick,model_spread,flags
CIN @ MIA,GAME,MIA,CIN,game_moneyline,MIA,0.0,-2.4,6,,,9,True,,2026-10-11T17:00:00Z,"[{""w"": ""W4"", ""opp"": ""MIN"", ""v"": -5.0, ""line"": 10.0}, {""w"": ""W3"", ""opp"": ""KC"", ""v"": -14.0, ""line"": 10.0}, {""w"": ""W2"", ""opp"": ""SF"", ""v"": -22.0, ""line"": 12.5}, {""w"": ""W1"", ""opp"": ""LV"", ""v"": -14.0, ""line"": 3.0}, {""w"": ""25W18"", ""opp"": ""NE"", ""v"": -28.0, ""line"": 14.0}, {""w"": ""25W17"", ""opp"": ""TB"", ""v"": 3.0, ""line"": 5.5}]",0.4281627271120845,0.2738589211618257,0.32407477093709314,3.65,betus,0.18287291392038996,0.017252161690602827,0.15430380595025878,MIA moneyline,-2.4,BIG-GAP:check-news 
NYG @ WAS,GAME,NYG,WAS,game_moneyline,NYG,0.0,-1.1,6,,,9,True,,2026-10-11T17:00:00Z,"[{""w"": ""W4"", ""opp"": ""ARI"", ""v"": 12.0, ""line"": 2.5}, {""w"": ""W3"", ""opp"": ""TEN"", ""v"": 5.0, ""line"": -2.5}, {""w"": ""W2"", ""opp"": ""LA"", ""v"": -22.0, ""line"": 6.5}, {""w"": ""W1"", ""opp"": ""DAL"", ""v"": 8.0, ""line"": 3.0}, {""w"": ""25W18"", ""opp"": ""DAL"", ""v"": 17.0, ""line"": 3.0}, {""w"": ""25W17"", ""opp"": ""LV"", ""v"": 24.0, ""line"": -3.0}]",0.5318695932419824,0.37288135593220334,0.42721059062937594,2.7,bovada,0.15346859469931506,0.02,0.158988237309779,NYG moneyline,-1.1,BIG-GAP:check-news 
DET @ ARI,GAME,ARI,DET,game_moneyline,ARI,0.0,-2.0,6,,,9,True,,2026-10-11T20:25:00Z,"[{""w"": ""W4"", ""opp"": ""NYG"", ""v"": -12.0, ""line"": -2.5}, {""w"": ""W3"", ""opp"": ""SF"", ""v"": -6.0, ""line"": 7.5}, {""w"": ""W2"", ""opp"": ""SEA"", ""v"": -24.0, ""line"": 3.5}, {""w"": ""W1"", ""opp"": ""LAC"", ""v"": 12.0, ""line"": 8.5}, {""w"": ""25W18"", ""opp"": ""LA"", ""v"": -17.0, ""line"": 14.5}, {""w"": ""25W17"", ""opp"": ""CIN"", ""v"": -23.0, ""line"": 7.0}]",0.44127311074752207,0.3146067415730337,0.35692539525945843,3.15,betus,0.12431499506729404,0.014455231984569075,0.12666636917448837,ARI moneyline,-2.0,
BAL @ ATL,GAME,BAL,ATL,game_moneyline,BAL,0.0,0.9,6,,,9,True,,2026-10-12T00:20:00Z,"[{""w"": ""W4"", ""opp"": ""TEN"", ""v"": 6.0, ""line"": -11.5}, {""w"": ""W3"", ""opp"": ""DAL"", ""v"": 3.0, ""line"": -3.0}, {""w"": ""W2"", ""opp"": ""NO"", ""v"": -7.0, ""line"": -8.5}, {""w"": ""W1"", ""opp"": ""IND"", ""v"": 18.0, ""line"": -3.0}, {""w"": ""25W18"", ""opp"": ""PIT"", ""v"": -2.0, ""line"": -4.5}, {""w"": ""25W17"", ""opp"": ""GB"", ""v"": 17.0, ""line"": 2.5}]",0.47483375551110496,0.3857493857493858,0.41637985860281673,2.57,betonlineag,0.07009623660923892,0.011161821116120848,0.08908436976171918,BAL moneyline,0.9,
BUF @ LA,GAME,BUF,LA,game_moneyline,BUF,0.0,0.9,6,,,9,True,,2026-10-13T00:15:00Z,"[{""w"": ""W4"", ""opp"": ""NE"", ""v"": -3.0, ""line"": -7.0}, {""w"": ""W3"", ""opp"": ""LAC"", ""v"": 8.0, ""line"": -7.0}, {""w"": ""W2"", ""opp"": ""DET"", ""v"": 10.0, ""line"": -5.5}, {""w"": ""W1"", ""opp"": ""HOU"", ""v"": 5.0, ""line"": -1.5}, {""w"": ""25W18"", ""opp"": ""NYJ"", ""v"": 27.0, ""line"": -12.5}, {""w"": ""25W17"", ""opp"": ""PHI"", ""v"": -1.0, ""line"": -3.0}]",0.47365898484884517,0.401496259351621,0.42643432975577866,2.5,bovada,0.06608582438944666,0.011014304064907776,0.07216272549722419,BUF moneyline,0.9,
CLE @ NYJ,GAME,CLE,NYJ,game_moneyline,CLE,0.0,-2.1,6,,,9,True,,2026-10-11T17:00:00Z,"[{""w"": ""W4"", ""opp"": ""PIT"", ""v"": 3.0, ""line"": 2.5}, {""w"": ""W3"", ""opp"": ""CAR"", ""v"": 3.0, ""line"": 2.5}, {""w"": ""W2"", ""opp"": ""TB"", ""v"": 4.0, ""line"": 8.5}, {""w"": ""W1"", ""opp"": ""JAX"", ""v"": -24.0, ""line"": 8.5}, {""w"": ""25W18"", ""opp"": ""CIN"", ""v"": 2.0, ""line"": 9.5}, {""w"": ""25W17"", ""opp"": ""PIT"", ""v"": 7.0, ""line"": 4.5}]",0.5615356203483619,0.4547803617571059,0.4921745470023427,2.15,bovada,0.058175276055036695,0.012646799142399282,0.10675525859125601,CLE moneyline,-2.1,
SF @ SEA,GAME,SF,SEA,game_moneyline,SF,0.0,2.3,6,,,9,True,,2026-10-11T20:25:00Z,"[{""w"": ""W4"", ""opp"": ""DEN"", ""v"": 10.0, ""line"": -3.0}, {""w"": ""W3"", ""opp"": ""ARI"", ""v"": 6.0, ""line"": -7.5}, {""w"": ""W2"", ""opp"": ""MIA"", ""v"": 22.0, ""line"": -12.5}, {""w"": ""W1"", ""opp"": ""LA"", ""v"": 20.0, ""line"": 3.5}, {""w"": ""25W18"", ""opp"": ""SEA"", ""v"": -10.0, ""line"": 2.5}, {""w"": ""25W17"", ""opp"": ""CHI"", ""v"": 4.0, ""line"": -3.5}]",0.4333336631186777,0.401496259351621,0.41255953352052993,2.53,betonlineag,0.04377561980694056,0.00715287905342166,0.03183740376705674,SF moneyline,2.3,
MIN @ NO,GAME,MIN,NO,game_moneyline,MIN,0.0,-4.8,6,,,9,True,,2026-10-11T17:00:00Z,"[{""w"": ""W4"", ""opp"": ""MIA"", ""v"": 5.0, ""line"": -10.0}, {""w"": ""W3"", ""opp"": ""TB"", ""v"": 7.0, ""line"": -1.5}, {""w"": ""W2"", ""opp"": ""CHI"", ""v"": 6.0, ""line"": 4.5}, {""w"": ""W1"", ""opp"": ""GB"", ""v"": 17.0, ""line"": -1.5}, {""w"": ""25W18"", ""opp"": ""GB"", ""v"": 13.0, ""line"": -12.5}, {""w"": ""25W17"", ""opp"": ""DET"", ""v"": 13.0, ""line"": 7.0}]",0.6387367545398113,0.5447368421052632,0.5783704765582447,1.77,draftkings,0.023715743508093134,0.0076999167234068615,0.09399991243454808,MIN moneyline,-4.8,
LV @ NE,GAME,NE,LV,game_moneyline,NE,0.0,7.5,6,,,9,True,,2026-10-11T17:00:00Z,"[{""w"": ""W4"", ""opp"": ""BUF"", ""v"": 3.0, ""line"": 7.0}, {""w"": ""W3"", ""opp"": ""JAX"", ""v"": -29.0, ""line"": 3.0}, {""w"": ""W2"", ""opp"": ""PIT"", ""v"": 17.0, ""line"": -4.5}, {""w"": ""W1"", ""opp"": ""SEA"", ""v"": -3.0, ""line"": 3.0}, {""w"": ""25W18"", ""opp"": ""MIA"", ""v"": 28.0, ""line"": -14.0}, {""w"": ""25W17"", ""opp"": ""NYJ"", ""v"": 32.0, ""line"": -12.5}]",0.7096383137676145,0.6305418719211823,0.6593103068699742,1.54,betus,0.015337872579760214,0.0071008669350741726,0.07909644184643227,NE moneyline,7.5,
IND @ PIT,GAME,PIT,IND,game_moneyline,PIT,0.0,2.8,6,,,9,True,,2026-10-11T17:00:00Z,"[{""w"": ""W4"", ""opp"": ""CLE"", ""v"": -3.0, ""line"": -2.5}, {""w"": ""W3"", ""opp"": ""CIN"", ""v"": 3.0, ""line"": 3.5}, {""w"": ""W2"", ""opp"": ""NE"", ""v"": -17.0, ""line"": 4.5}, {""w"": ""W1"", ""opp"": ""ATL"", ""v"": 7.0, ""line"": -6.5}, {""w"": ""25W18"", ""opp"": ""BAL"", ""v"": 2.0, ""line"": 4.5}, {""w"": ""25W17"", ""opp"": ""CLE"", ""v"": -7.0, ""line"": -4.5}]",0.5835833818141745,0.5655526992287918,0.5718857474310394,1.75,fanduel,0.0008000580043189265,0.00026668600143964216,0.01803068258538265,PIT moneyline,2.8,
DEN @ LAC,GAME,LAC,DEN,game_moneyline,LAC,0.0,-3.5,6,,,9,True,,2026-10-11T20:05:00Z,"[{""w"": ""W4"", ""opp"": ""SEA"", ""v"": -7.0, ""line"": 7.0}, {""w"": ""W3"", ""opp"": ""BUF"", ""v"": -8.0, ""line"": 7.0}, {""w"": ""W2"", ""opp"": ""LV"", ""v"": -12.0, ""line"": -6.5}, {""w"": ""W1"", ""opp"": ""ARI"", ""v"": -12.0, ""line"": -8.5}, {""w"": ""25W18"", ""opp"": ""DEN"", ""v"": -16.0, ""line"": 14.5}, {""w"": ""25W17"", ""opp"": ""HOU"", ""v"": -4.0, ""line"": -1.5}]",0.39826155734745494,0.37956204379562053,0.3860693955463091,2.57,betonlineag,-0.007801653445985712,0.0,0.018699513551834412,LAC moneyline,-3.5,
IND @ PIT,GAME,PIT,PIT,game_total,Under,44.5,44.5,6,,,9,True,,2026-10-11T17:00:00Z,"[{""w"": ""W4"", ""opp"": ""CLE"", ""v"": 51.0, ""line"": 38.5}, {""w"": ""W3"", ""opp"": ""CIN"", ""v"": 57.0, ""line"": 42.5}, {""w"": ""W2"", ""opp"": ""NE"", ""v"": 23.0, ""line"": 41.5}, {""w"": ""W1"", ""opp"": ""ATL"", ""v"": 33.0, ""line"": 40.5}, {""w"": ""25W18"", ""opp"": ""BAL"", ""v"": 50.0, ""line"": 41.5}, {""w"": ""25W17"", ""opp"": ""CLE"", ""v"": 19.0, ""line"": 35.5}]",0.5,0.5,0.5,1.98,lowvig,-0.010000000000000009,0.0,0.0,Under 44.5,2.8,
IND @ PIT,GAME,PIT,PIT,game_total,Over,44.5,44.5,6,,,9,True,,2026-10-11T17:00:00Z,"[{""w"": ""W4"", ""opp"": ""CLE"", ""v"": 51.0, ""line"": 38.5}, {""w"": ""W3"", ""opp"": ""CIN"", ""v"": 57.0, ""line"": 42.5}, {""w"": ""W2"", ""opp"": ""NE"", ""v"": 23.0, ""line"": 41.5}, {""w"": ""W1"", ""opp"": ""ATL"", ""v"": 33.0, ""line"": 40.5}, {""w"": ""25W18"", ""opp"": ""BAL"", ""v"": 50.0, ""line"": 41.5}, {""w"": ""25W17"", ""opp"": ""CLE"", ""v"": 19.0, ""line"": 35.5}]",0.5,0.5,0.5,1.98,fanduel,-0.010000000000000009,0.0,0.0,Over 44.5,2.8,
BUF @ LA,GAME,LA,LA,game_total,Under,54.5,54.5,6,,,7,True,,2026-10-13T00:15:00Z,"[{""w"": ""W4"", ""opp"": ""PHI"", ""v"": 44.0, ""line"": 42.5}, {""w"": ""W3"", ""opp"": ""DEN"", ""v"": 56.0, ""line"": 43.5}, {""w"": ""W2"", ""opp"": ""NYG"", ""v"": 34.0, ""line"": 47.5}, {""w"": ""W1"", ""opp"": ""SF"", ""v"": 34.0, ""line"": 47.5}, {""w"": ""25W18"", ""opp"": ""ARI"", ""v"": 57.0, ""line"": 49.5}, {""w"": ""25W17"", ""opp"": ""ATL"", ""v"": 51.0, ""line"": 48.5}]",0.5,0.5,0.5,1.98,draftkings,-0.010000000000000009,0.0,0.0,Under 54.5,0.9,
IND @ PIT,GAME,IND,PIT,game_moneyline,IND,0.0,2.8,6,,,9,True,,2026-10-11T17:00:00Z,"[{""w"": ""W4"", ""opp"": ""WAS"", ""v"": 17.0, ""line"": -4.5}, {""w"": ""W3"", ""opp"": ""HOU"", ""v"": 2.0, ""line"": 1.5}, {""w"": ""W2"", ""opp"": ""KC"", ""v"": -3.0, ""line"": 6.0}, {""w"": ""W1"", ""opp"": ""BAL"", ""v"": -18.0, ""line"": 3.0}, {""w"": ""25W18"", ""opp"": ""HOU"", ""v"": -8.0, ""line"": 9.5}, {""w"": ""25W17"", ""opp"": ""JAX"", ""v"": -6.0, ""line"": 3.5}]",0.41641661818582554,0.43444730077120824,0.42811425256896063,2.3,bovada,-0.01533721909139063,0.0,-0.018030682585382707,IND moneyline,2.8,
NYG @ WAS,GAME,WAS,WAS,game_total,Under,42.0,42.0,6,,,4,True,,2026-10-11T17:00:00Z,"[{""w"": ""W4"", ""opp"": ""IND"", ""v"": 43.0, ""line"": 46.5}, {""w"": ""W3"", ""opp"": ""SEA"", ""v"": 64.0, ""line"": 40.5}, {""w"": ""W2"", ""opp"": ""DAL"", ""v"": 57.0, ""line"": 51.5}, {""w"": ""W1"", ""opp"": ""PHI"", ""v"": 46.0, ""line"": 43.5}, {""w"": ""25W18"", ""opp"": ""PHI"", ""v"": 41.0, ""line"": 38.5}, {""w"": ""25W17"", ""opp"": ""DAL"", ""v"": 53.0, ""line"": 50.5}]",0.5032299741602067,0.5032299741602067,0.5032299741602067,1.95,bovada,-0.018701550387597077,0.0,0.0,Under 42,-1.1,
NYG @ WAS,GAME,WAS,WAS,game_total,Under,42.5,42.5,6,,,3,True,,2026-10-11T17:00:00Z,"[{""w"": ""W4"", ""opp"": ""IND"", ""v"": 43.0, ""line"": 46.5}, {""w"": ""W3"", ""opp"": ""SEA"", ""v"": 64.0, ""line"": 40.5}, {""w"": ""W2"", ""opp"": ""DAL"", ""v"": 57.0, ""line"": 51.5}, {""w"": ""W1"", ""opp"": ""PHI"", ""v"": 46.0, ""line"": 43.5}, {""w"": ""25W18"", ""opp"": ""PHI"", ""v"": 41.0, ""line"": 38.5}, {""w"": ""25W17"", ""opp"": ""DAL"", ""v"": 53.0, ""line"": 50.5}]",0.5026041666666667,0.5026041666666667,0.5026041666666667,1.95,fanduel,-0.019921874999999867,0.0,0.0,Under 42.5,-1.1,
MIN @ NO,GAME,NO,NO,game_total,Over,42.0,42.0,6,,,6,True,,2026-10-11T17:00:00Z,"[{""w"": ""W4"", ""opp"": ""ATL"", ""v"": 69.0, ""line"": 47.5}, {""w"": ""W3"", ""opp"": ""LV"", ""v"": 62.0, ""line"": 43.5}, {""w"": ""W2"", ""opp"": ""BAL"", ""v"": 41.0, ""line"": 45.5}, {""w"": ""W1"", ""opp"": ""DET"", ""v"": 61.0, ""line"": 49.5}, {""w"": ""25W18"", ""opp"": ""ATL"", ""v"": 36.0, ""line"": 43.5}, {""w"": ""25W17"", ""opp"": ""TEN"", ""v"": 60.0, ""line"": 39.5}]",0.4947643979057592,0.4947643979057592,0.4947643979057592,1.98,lowvig,-0.02036649214659675,0.0,0.0,Over 42,-4.8,
BAL @ ATL,GAME,ATL,ATL,game_total,Over,43.5,43.5,6,,,8,True,,2026-10-12T00:20:00Z,"[{""w"": ""W4"", ""opp"": ""NO"", ""v"": 69.0, ""line"": 47.5}, {""w"": ""W3"", ""opp"": ""GB"", ""v"": 49.0, ""line"": 43.5}, {""w"": ""W2"", ""opp"": ""CAR"", ""v"": 37.0, ""line"": 43.5}, {""w"": ""W1"", ""opp"": ""PIT"", ""v"": 33.0, ""line"": 40.5}, {""w"": ""25W18"", ""opp"": ""NO"", ""v"": 36.0, ""line"": 43.5}, {""w"": ""25W17"", ""opp"": ""LA"", ""v"": 51.0, ""line"": 48.5}]",0.5091623036649215,0.5091623036649215,0.5091623036649215,1.92,betrivers,-0.022408376963350685,0.0,0.0,Over 43.5,0.9,
CLE @ NYJ,GAME,NYJ,NYJ,game_total,Under,40.0,40.0,6,,,7,True,,2026-10-11T17:00:00Z,"[{""w"": ""W4"", ""opp"": ""CHI"", ""v"": 35.0, ""line"": 43.5}, {""w"": ""W3"", ""opp"": ""DET"", ""v"": 55.0, ""line"": 49.5}, {""w"": ""W2"", ""opp"": ""GB"", ""v"": 37.0, ""line"": 44.5}, {""w"": ""W1"", ""opp"": ""TEN"", ""v"": 33.0, ""line"": 39.5}, {""w"": ""25W18"", ""opp"": ""BUF"", ""v"": 43.0, ""line"": 39.5}, {""w"": ""25W17"", ""opp"": ""NE"", ""v"": 52.0, ""line"": 42.5}]",0.5064599483204134,0.5064599483204134,0.5064599483204134,1.93,betmgm,-0.022532299741602146,0.0,0.0,Under 40,-2.1,
CHI @ GB,GAME,CHI,GB,game_moneyline,CHI,0.0,-2.3,6,,,9,True,,2026-10-11T17:00:00Z,"[{""w"": ""W4"", ""opp"": ""NYJ"", ""v"": 11.0, ""line"": -3.5}, {""w"": ""W3"", ""opp"": ""PHI"", ""v"": 20.0, ""line"": 3.5}, {""w"": ""W2"", ""opp"": ""MIN"", ""v"": -6.0, ""line"": -4.5}, {""w"": ""W1"", ""opp"": ""CAR"", ""v"": 22.0, ""line"": -3.0}, {""w"": ""25W18"", ""opp"": ""DET"", ""v"": -3.0, ""line"": -3.5}, {""w"": ""25W17"", ""opp"": ""SF"", ""v"": -4.0, ""line"": 3.5}]",0.5676935838910686,0.5426356589147286,0.5514371537503913,1.77,draftkings,-0.02395623786180745,0.0,0.025057924976339963,CHI moneyline,-2.3,
MIN @ NO,GAME,NO,NO,game_total,Under,42.0,42.0,6,,,6,True,,2026-10-11T17:00:00Z,"[{""w"": ""W4"", ""opp"": ""ATL"", ""v"": 69.0, ""line"": 47.5}, {""w"": ""W3"", ""opp"": ""LV"", ""v"": 62.0, ""line"": 43.5}, {""w"": ""W2"", ""opp"": ""BAL"", ""v"": 41.0, ""line"": 45.5}, {""w"": ""W1"", ""opp"": ""DET"", ""v"": 61.0, ""line"": 49.5}, {""w"": ""25W18"", ""opp"": ""ATL"", ""v"": 36.0, ""line"": 43.5}, {""w"": ""25W17"", ""opp"": ""TEN"", ""v"": 60.0, ""line"": 39.5}]",0.5052356020942408,0.5052356020942408,0.5052356020942408,1.93,betmgm,-0.024895287958115297,0.0,0.0,Under 42,-4.8,
DEN @ LAC,GAME,LAC,LAC,game_total,Under,42.0,42.0,6,,,5,True,,2026-10-11T20:05:00Z,"[{""w"": ""W4"", ""opp"": ""SEA"", ""v"": 53.0, ""line"": 42.5}, {""w"": ""W3"", ""opp"": ""BUF"", ""v"": 40.0, ""line"": 50.5}, {""w"": ""W2"", ""opp"": ""LV"", ""v"": 40.0, ""line"": 43.5}, {""w"": ""W1"", ""opp"": ""ARI"", ""v"": 40.0, ""line"": 47.5}, {""w"": ""25W18"", ""opp"": ""DEN"", ""v"": 22.0, ""line"": 37.5}, {""w"": ""25W17"", ""opp"": ""HOU"", ""v"": 36.0, ""line"": 40.5}]",0.5104712041884817,0.5104712041884817,0.5104712041884817,1.91,mybookieag,-0.025000000000000022,0.0,0.0,Under 42,-3.5,
HOU @ TEN,GAME,TEN,TEN,game_total,Under,37.5,37.5,6,,,8,True,,2026-10-11T17:00:00Z,"[{""w"": ""W4"", ""opp"": ""BAL"", ""v"": 42.0, ""line"": 42.5}, {""w"": ""W3"", ""opp"": ""NYG"", ""v"": 19.0, ""line"": 37.5}, {""w"": ""W2"", ""opp"": ""PHI"", ""v"": 44.0, ""line"": 39.5}, {""w"": ""W1"", ""opp"": ""NYJ"", ""v"": 33.0, ""line"": 39.5}, {""w"": ""25W18"", ""opp"": ""JAX"", ""v"": 48.0, ""line"": 46.5}, {""w"": ""25W17"", ""opp"": ""NO"", ""v"": 60.0, ""line"": 39.5}]",0.5,0.5,0.5,1.95,fanduel,-0.025000000000000022,0.0,0.0,Under 37.5,-4.7,
SF @ SEA,GAME,SEA,SEA,game_total,Over,46.0,46.0,6,,,5,True,,2026-10-11T20:25:00Z,"[{""w"": ""W4"", ""opp"": ""LAC"", ""v"": 53.0, ""line"": 42.5}, {""w"": ""W3"", ""opp"": ""WAS"", ""v"": 64.0, ""line"": 40.5}, {""w"": ""W2"", ""opp"": ""ARI"", ""v"": 38.0, ""line"": 40.5}, {""w"": ""W1"", ""opp"": ""NE"", ""v"": 23.0, ""line"": 44.5}, {""w"": ""25W18"", ""opp"": ""SF"", ""v"": 16.0, ""line"": 47.5}, {""w"": ""25W17"", ""opp"": ""CAR"", ""v"": 37.0, ""line"": 42.5}]",0.5,0.5,0.5,1.95,lowvig,-0.025000000000000022,0.0,0.0,Over 46,2.3,
DET @ ARI,GAME,ARI,ARI,game_total,Under,54.5,54.5,6,,,8,True,,2026-10-11T20:25:00Z,"[{""w"": ""W4"", ""opp"": ""NYG"", ""v"": 60.0, ""line"": 44.5}, {""w"": ""W3"", ""opp"": ""SF"", ""v"": 66.0, ""line"": 48.5}, {""w"": ""W2"", ""opp"": ""SEA"", ""v"": 38.0, ""line"": 40.5}, {""w"": ""W1"", ""opp"": ""LAC"", ""v"": 40.0, ""line"": 47.5}, {""w"": ""25W18"", ""opp"": ""LA"", ""v"": 57.0, ""line"": 49.5}, {""w"": ""25W17"", ""opp"": ""CIN"", ""v"": 51.0, ""line"": 52.5}]",0.5,0.5,0.5,1.95,draftkings,-0.025000000000000022,0.0,0.0,Under 54.5,-2.0,
NYG @ WAS,GAME,WAS,WAS,game_total,Over,42.0,42.0,6,,,4,True,,2026-10-11T17:00:00Z,"[{""w"": ""W4"", ""opp"": ""IND"", ""v"": 43.0, ""line"": 46.5}, {""w"": ""W3"", ""opp"": ""SEA"", ""v"": 64.0, ""line"": 40.5}, {""w"": ""W2"", ""opp"": ""DAL"", ""v"": 57.0, ""line"": 51.5}, {""w"": ""W1"", ""opp"": ""PHI"", ""v"": 46.0, ""line"": 43.5}, {""w"": ""25W18"", ""opp"": ""PHI"", ""v"": 41.0, ""line"": 38.5}, {""w"": ""25W17"", ""opp"": ""DAL"", ""v"": 53.0, ""line"": 50.5}]",0.4967700258397933,0.4967700258397933,0.4967700258397933,1.96,lowvig,-0.02633074935400509,0.0,0.0,Over 42,-1.1,
CHI @ GB,GAME,GB,GB,game_total,Under,45.5,45.5,6,,,9,True,,2026-10-11T17:00:00Z,"[{""w"": ""W4"", ""opp"": ""TB"", ""v"": 31.0, ""line"": 38.5}, {""w"": ""W3"", ""opp"": ""ATL"", ""v"": 49.0, ""line"": 43.5}, {""w"": ""W2"", ""opp"": ""NYJ"", ""v"": 37.0, ""line"": 44.5}, {""w"": ""W1"", ""opp"": ""MIN"", ""v"": 61.0, ""line"": 46.5}, {""w"": ""25W18"", ""opp"": ""MIN"", ""v"": 19.0, ""line"": 37.5}, {""w"": ""25W17"", ""opp"": ""BAL"", ""v"": 65.0, ""line"": 38.5}]",0.4960629921259842,0.4960629921259842,0.49606299212598426,1.96,lowvig,-0.027716535433070844,0.0,0.0,Under 45.5,-2.3,
BAL @ ATL,GAME,ATL,ATL,game_total,Under,43.5,43.5,6,,,8,True,,2026-10-12T00:20:00Z,"[{""w"": ""W4"", ""opp"": ""NO"", ""v"": 69.0, ""line"": 47.5}, {""w"": ""W3"", ""opp"": ""GB"", ""v"": 49.0, ""line"": 43.5}, {""w"": ""W2"", ""opp"": ""CAR"", ""v"": 37.0, ""line"": 43.5}, {""w"": ""W1"", ""opp"": ""PIT"", ""v"": 33.0, ""line"": 40.5}, {""w"": ""25W18"", ""opp"": ""NO"", ""v"": 36.0, ""line"": 43.5}, {""w"": ""25W17"", ""opp"": ""LA"", ""v"": 51.0, ""line"": 48.5}]",0.4908376963350786,0.4908376963350786,0.4908376963350787,1.98,lowvig,-0.028141361256544206,0.0,0.0,Under 43.5,0.9,
NYG @ WAS,GAME,WAS,WAS,game_total,Over,42.5,42.5,6,,,3,True,,2026-10-11T17:00:00Z,"[{""w"": ""W4"", ""opp"": ""IND"", ""v"": 43.0, ""line"": 46.5}, {""w"": ""W3"", ""opp"": ""SEA"", ""v"": 64.0, ""line"": 40.5}, {""w"": ""W2"", ""opp"": ""DAL"", ""v"": 57.0, ""line"": 51.5}, {""w"": ""W1"", ""opp"": ""PHI"", ""v"": 46.0, ""line"": 43.5}, {""w"": ""25W18"", ""opp"": ""PHI"", ""v"": 41.0, ""line"": 38.5}, {""w"": ""25W17"", ""opp"": ""DAL"", ""v"": 53.0, ""line"": 50.5}]",0.4973958333333334,0.4973958333333334,0.4973958333333335,1.95,draftkings,-0.030078124999999734,0.0,0.0,Over 42.5,-1.1,
SF @ SEA,GAME,SEA,SF,game_moneyline,SEA,0.0,2.3,6,,,9,True,,2026-10-11T20:25:00Z,"[{""w"": ""W4"", ""opp"": ""LAC"", ""v"": 7.0, ""line"": -7.0}, {""w"": ""W3"", ""opp"": ""WAS"", ""v"": -2.0, ""line"": -8.5}, {""w"": ""W2"", ""opp"": ""ARI"", ""v"": 24.0, ""line"": -3.5}, {""w"": ""W1"", ""opp"": ""NE"", ""v"": 3.0, ""line"": -3.0}, {""w"": ""25W18"", ""opp"": ""SF"", ""v"": 10.0, ""line"": -2.5}, {""w"": ""25W17"", ""opp"": ""CAR"", ""v"": 17.0, ""line"": -6.5}]",0.5666663368813223,0.5985037406483791,0.5874404664794701,1.65,draftkings,-0.03072323030887436,0.0,-0.03183740376705679,SEA moneyline,2.3,
DEN @ LAC,GAME,LAC,LAC,game_total,Over,42.0,42.0,6,,,5,True,,2026-10-11T20:05:00Z,"[{""w"": ""W4"", ""opp"": ""SEA"", ""v"": 53.0, ""line"": 42.5}, {""w"": ""W3"", ""opp"": ""BUF"", ""v"": 40.0, ""line"": 50.5}, {""w"": ""W2"", ""opp"": ""LV"", ""v"": 40.0, ""line"": 43.5}, {""w"": ""W1"", ""opp"": ""ARI"", ""v"": 40.0, ""line"": 47.5}, {""w"": ""25W18"", ""opp"": ""DEN"", ""v"": 22.0, ""line"": 37.5}, {""w"": ""25W17"", ""opp"": ""HOU"", ""v"": 36.0, ""line"": 40.5}]",0.4895287958115184,0.4895287958115184,0.4895287958115185,1.98,lowvig,-0.030732984293193488,0.0,0.0,Over 42,-3.5,
CLE @ NYJ,GAME,NYJ,NYJ,game_total,Over,40.0,40.0,6,,,7,True,,2026-10-11T17:00:00Z,"[{""w"": ""W4"", ""opp"": ""CHI"", ""v"": 35.0, ""line"": 43.5}, {""w"": ""W3"", ""opp"": ""DET"", ""v"": 55.0, ""line"": 49.5}, {""w"": ""W2"", ""opp"": ""GB"", ""v"": 37.0, ""line"": 44.5}, {""w"": ""W1"", ""opp"": ""TEN"", ""v"": 33.0, ""line"": 39.5}, {""w"": ""25W18"", ""opp"": ""BUF"", ""v"": 43.0, ""line"": 39.5}, {""w"": ""25W17"", ""opp"": ""NE"", ""v"": 52.0, ""line"": 42.5}]",0.4935400516795866,0.4935400516795866,0.4935400516795866,1.96,lowvig,-0.03266149870801033,0.0,0.0,Over 40,-2.1,
CIN @ MIA,GAME,MIA,MIA,game_total,Under,42.0,42.0,6,,,2,True,,2026-10-11T17:00:00Z,"[{""w"": ""W4"", ""opp"": ""MIN"", ""v"": 25.0, ""line"": 38.5}, {""w"": ""W3"", ""opp"": ""KC"", ""v"": 34.0, ""line"": 45.5}, {""w"": ""W2"", ""opp"": ""SF"", ""v"": 48.0, ""line"": 44.5}, {""w"": ""W1"", ""opp"": ""LV"", ""v"": 40.0, ""line"": 40.5}, {""w"": ""25W18"", ""opp"": ""NE"", ""v"": 48.0, ""line"": 44.5}, {""w"": ""25W17"", ""opp"": ""TB"", ""v"": 37.0, ""line"": 44.5}]",0.48828771396793536,0.48828771396793536,0.48828771396793524,1.98,lowvig,-0.03319032634348823,0.0,0.0,Under 42,-2.4,
LV @ NE,GAME,NE,NE,game_total,Under,45.0,45.0,6,,,7,True,,2026-10-11T17:00:00Z,"[{""w"": ""W4"", ""opp"": ""BUF"", ""v"": 55.0, ""line"": 49.5}, {""w"": ""W3"", ""opp"": ""JAX"", ""v"": 41.0, ""line"": 46.5}, {""w"": ""W2"", ""opp"": ""PIT"", ""v"": 23.0, ""line"": 41.5}, {""w"": ""W1"", ""opp"": ""SEA"", ""v"": 23.0, ""line"": 44.5}, {""w"": ""25W18"", ""opp"": ""MIA"", ""v"": 48.0, ""line"": 44.5}, {""w"": ""25W17"", ""opp"": ""NYJ"", ""v"": 52.0, ""line"": 42.5}]",0.5,0.5,0.5,1.93,lowvig,-0.03500000000000003,0.0,0.0,Under 45,7.5,
TB @ DAL,GAME,DAL,DAL,game_total,Under,48.0,48.0,6,,,6,True,,2026-10-09T00:15:00Z,"[{""w"": ""W4"", ""opp"": ""HOU"", ""v"": 64.0, ""line"": 48.5}, {""w"": ""W3"", ""opp"": ""BAL"", ""v"": 65.0, ""line"": 53.5}, {""w"": ""W2"", ""opp"": ""WAS"", ""v"": 57.0, ""line"": 51.5}, {""w"": ""W1"", ""opp"": ""NYG"", ""v"": 48.0, ""line"": 47.5}, {""w"": ""25W18"", ""opp"": ""NYG"", ""v"": 51.0, ""line"": 50.5}, {""w"": ""25W17"", ""opp"": ""WAS"", ""v"": 53.0, ""line"": 50.5}]",0.5,0.5,0.5,1.93,lowvig,-0.03500000000000003,0.0,0.0,Under 48,4.6,
PHI @ JAX,GAME,JAX,JAX,game_total,Under,42.0,42.0,6,,,6,True,,2026-10-11T13:30:00Z,"[{""w"": ""W4"", ""opp"": ""CIN"", ""v"": 39.0, ""line"": 51.5}, {""w"": ""W3"", ""opp"": ""NE"", ""v"": 41.0, ""line"": 46.5}, {""w"": ""W2"", ""opp"": ""DEN"", ""v"": 33.0, ""line"": 45.5}, {""w"": ""W1"", ""opp"": ""CLE"", ""v"": 44.0, ""line"": 40.5}, {""w"": ""25W18"", ""opp"": ""TEN"", ""v"": 48.0, ""line"": 46.5}, {""w"": ""25W17"", ""opp"": ""IND"", ""v"": 40.0, ""line"": 48.5}]",0.5,0.5,0.5,1.93,lowvig,-0.03500000000000003,0.0,0.0,Under 42,7.4,
PHI @ JAX,GAME,JAX,JAX,game_total,Over,42.0,42.0,6,,,6,True,,2026-10-11T13:30:00Z,"[{""w"": ""W4"", ""opp"": ""CIN"", ""v"": 39.0, ""line"": 51.5}, {""w"": ""W3"", ""opp"": ""NE"", ""v"": 41.0, ""line"": 46.5}, {""w"": ""W2"", ""opp"": ""DEN"", ""v"": 33.0, ""line"": 45.5}, {""w"": ""W1"", ""opp"": ""CLE"", ""v"": 44.0, ""line"": 40.5}, {""w"": ""25W18"", ""opp"": ""TEN"", ""v"": 48.0, ""line"": 46.5}, {""w"": ""25W17"", ""opp"": ""IND"", ""v"": 40.0, ""line"": 48.5}]",0.5,0.5,0.5,1.93,betmgm,-0.03500000000000003,0.0,0.0,Over 42,7.4,
LV @ NE,GAME,NE,NE,game_total,Over,45.0,45.0,6,,,7,True,,2026-10-11T17:00:00Z,"[{""w"": ""W4"", ""opp"": ""BUF"", ""v"": 55.0, ""line"": 49.5}, {""w"": ""W3"", ""opp"": ""JAX"", ""v"": 41.0, ""line"": 46.5}, {""w"": ""W2"", ""opp"": ""PIT"", ""v"": 23.0, ""line"": 41.5}, {""w"": ""W1"", ""opp"": ""SEA"", ""v"": 23.0, ""line"": 44.5}, {""w"": ""25W18"", ""opp"": ""MIA"", ""v"": 48.0, ""line"": 44.5}, {""w"": ""25W17"", ""opp"": ""NYJ"", ""v"": 52.0, ""line"": 42.5}]",0.5,0.5,0.5,1.93,lowvig,-0.03500000000000003,0.0,0.0,Over 45,7.5,
HOU @ TEN,GAME,TEN,TEN,game_total,Over,37.5,37.5,6,,,8,True,,2026-10-11T17:00:00Z,"[{""w"": ""W4"", ""opp"": ""BAL"", ""v"": 42.0, ""line"": 42.5}, {""w"": ""W3"", ""opp"": ""NYG"", ""v"": 19.0, ""line"": 37.5}, {""w"": ""W2"", ""opp"": ""PHI"", ""v"": 44.0, ""line"": 39.5}, {""w"": ""W1"", ""opp"": ""NYJ"", ""v"": 33.0, ""line"": 39.5}, {""w"": ""25W18"", ""opp"": ""JAX"", ""v"": 48.0, ""line"": 46.5}, {""w"": ""25W17"", ""opp"": ""NO"", ""v"": 60.0, ""line"": 39.5}]",0.5,0.5,0.5,1.93,draftkings,-0.03500000000000003,0.0,0.0,Over 37.5,-4.7,
SF @ SEA,GAME,SEA,SEA,game_total,Under,46.0,46.0,6,,,5,True,,2026-10-11T20:25:00Z,"[{""w"": ""W4"", ""opp"": ""LAC"", ""v"": 53.0, ""line"": 42.5}, {""w"": ""W3"", ""opp"": ""WAS"", ""v"": 64.0, ""line"": 40.5}, {""w"": ""W2"", ""opp"": ""ARI"", ""v"": 38.0, ""line"": 40.5}, {""w"": ""W1"", ""opp"": ""NE"", ""v"": 23.0, ""line"": 44.5}, {""w"": ""25W18"", ""opp"": ""SF"", ""v"": 16.0, ""line"": 47.5}, {""w"": ""25W17"", ""opp"": ""CAR"", ""v"": 37.0, ""line"": 42.5}]",0.5,0.5,0.5,1.93,betmgm,-0.03500000000000003,0.0,0.0,Under 46,2.3,
BUF @ LA,GAME,LA,LA,game_total,Over,54.5,54.5,6,,,7,True,,2026-10-13T00:15:00Z,"[{""w"": ""W4"", ""opp"": ""PHI"", ""v"": 44.0, ""line"": 42.5}, {""w"": ""W3"", ""opp"": ""DEN"", ""v"": 56.0, ""line"": 43.5}, {""w"": ""W2"", ""opp"": ""NYG"", ""v"": 34.0, ""line"": 47.5}, {""w"": ""W1"", ""opp"": ""SF"", ""v"": 34.0, ""line"": 47.5}, {""w"": ""25W18"", ""opp"": ""ARI"", ""v"": 57.0, ""line"": 49.5}, {""w"": ""25W17"", ""opp"": ""ATL"", ""v"": 51.0, ""line"": 48.5}]",0.5,0.5,0.5,1.93,lowvig,-0.03500000000000003,0.0,0.0,Over 54.5,0.9,
DET @ ARI,GAME,ARI,ARI,game_total,Over,54.5,54.5,6,,,8,True,,2026-10-11T20:25:00Z,"[{""w"": ""W4"", ""opp"": ""NYG"", ""v"": 60.0, ""line"": 44.5}, {""w"": ""W3"", ""opp"": ""SF"", ""v"": 66.0, ""line"": 48.5}, {""w"": ""W2"", ""opp"": ""SEA"", ""v"": 38.0, ""line"": 40.5}, {""w"": ""W1"", ""opp"": ""LAC"", ""v"": 40.0, ""line"": 47.5}, {""w"": ""25W18"", ""opp"": ""LA"", ""v"": 57.0, ""line"": 49.5}, {""w"": ""25W17"", ""opp"": ""CIN"", ""v"": 51.0, ""line"": 52.5}]",0.5,0.5,0.5,1.93,fanduel,-0.03500000000000003,0.0,0.0,Over 54.5,-2.0,
TB @ DAL,GAME,DAL,DAL,game_total,Over,48.0,48.0,6,,,6,True,,2026-10-09T00:15:00Z,"[{""w"": ""W4"", ""opp"": ""HOU"", ""v"": 64.0, ""line"": 48.5}, {""w"": ""W3"", ""opp"": ""BAL"", ""v"": 65.0, ""line"": 53.5}, {""w"": ""W2"", ""opp"": ""WAS"", ""v"": 57.0, ""line"": 51.5}, {""w"": ""W1"", ""opp"": ""NYG"", ""v"": 48.0, ""line"": 47.5}, {""w"": ""25W18"", ""opp"": ""NYG"", ""v"": 51.0, ""line"": 50.5}, {""w"": ""25W17"", ""opp"": ""WAS"", ""v"": 53.0, ""line"": 50.5}]",0.5,0.5,0.5,1.93,betmgm,-0.03500000000000003,0.0,0.0,Over 48,4.6,
PHI @ JAX,GAME,JAX,JAX,game_total,Over,41.5,41.5,6,,,2,True,,2026-10-11T13:30:00Z,"[{""w"": ""W4"", ""opp"": ""CIN"", ""v"": 39.0, ""line"": 51.5}, {""w"": ""W3"", ""opp"": ""NE"", ""v"": 41.0, ""line"": 46.5}, {""w"": ""W2"", ""opp"": ""DEN"", ""v"": 33.0, ""line"": 45.5}, {""w"": ""W1"", ""opp"": ""CLE"", ""v"": 44.0, ""line"": 40.5}, {""w"": ""25W18"", ""opp"": ""TEN"", ""v"": 48.0, ""line"": 46.5}, {""w"": ""25W17"", ""opp"": ""IND"", ""v"": 40.0, ""line"": 48.5}]",0.5052356020942408,0.5052356020942408,0.5052356020942408,1.91,betrivers,-0.03500000000000014,0.0,0.0,Over 41.5,7.4,
TB @ DAL,GAME,DAL,DAL,game_total,Over,47.5,47.5,6,,,2,True,,2026-10-09T00:15:00Z,"[{""w"": ""W4"", ""opp"": ""HOU"", ""v"": 64.0, ""line"": 48.5}, {""w"": ""W3"", ""opp"": ""BAL"", ""v"": 65.0, ""line"": 53.5}, {""w"": ""W2"", ""opp"": ""WAS"", ""v"": 57.0, ""line"": 51.5}, {""w"": ""W1"", ""opp"": ""NYG"", ""v"": 48.0, ""line"": 47.5}, {""w"": ""25W18"", ""opp"": ""NYG"", ""v"": 51.0, ""line"": 50.5}, {""w"": ""25W17"", ""opp"": ""WAS"", ""v"": 53.0, ""line"": 50.5}]",0.5052356020942408,0.5052356020942408,0.5052356020942408,1.91,betrivers,-0.03500000000000014,0.0,0.0,Over 47.5,4.6,
PHI @ JAX,GAME,JAX,JAX,game_total,Under,41.5,41.5,6,,,2,True,,2026-10-11T13:30:00Z,"[{""w"": ""W4"", ""opp"": ""CIN"", ""v"": 39.0, ""line"": 51.5}, {""w"": ""W3"", ""opp"": ""NE"", ""v"": 41.0, ""line"": 46.5}, {""w"": ""W2"", ""opp"": ""DEN"", ""v"": 33.0, ""line"": 45.5}, {""w"": ""W1"", ""opp"": ""CLE"", ""v"": 44.0, ""line"": 40.5}, {""w"": ""25W18"", ""opp"": ""TEN"", ""v"": 48.0, ""line"": 46.5}, {""w"": ""25W17"", ""opp"": ""IND"", ""v"": 40.0, ""line"": 48.5}]",0.4947643979057592,0.4947643979057592,0.4947643979057592,1.95,fanduel,-0.035209424083769536,0.0,0.0,Under 41.5,7.4,
TB @ DAL,GAME,DAL,DAL,game_total,Under,47.5,47.5,6,,,2,True,,2026-10-09T00:15:00Z,"[{""w"": ""W4"", ""opp"": ""HOU"", ""v"": 64.0, ""line"": 48.5}, {""w"": ""W3"", ""opp"": ""BAL"", ""v"": 65.0, ""line"": 53.5}, {""w"": ""W2"", ""opp"": ""WAS"", ""v"": 57.0, ""line"": 51.5}, {""w"": ""W1"", ""opp"": ""NYG"", ""v"": 48.0, ""line"": 47.5}, {""w"": ""25W18"", ""opp"": ""NYG"", ""v"": 51.0, ""line"": 50.5}, {""w"": ""25W17"", ""opp"": ""WAS"", ""v"": 53.0, ""line"": 50.5}]",0.4947643979057592,0.4947643979057592,0.4947643979057592,1.95,draftkings,-0.035209424083769536,0.0,0.0,Under 47.5,4.6,
CHI @ GB,GAME,GB,CHI,game_moneyline,GB,0.0,-2.3,6,,,9,True,,2026-10-11T17:00:00Z,"[{""w"": ""W4"", ""opp"": ""TB"", ""v"": 3.0, ""line"": -3.0}, {""w"": ""W3"", ""opp"": ""ATL"", ""v"": -21.0, ""line"": -4.5}, {""w"": ""W2"", ""opp"": ""NYJ"", ""v"": 3.0, ""line"": -3.5}, {""w"": ""W1"", ""opp"": ""MIN"", ""v"": -17.0, ""line"": 1.5}, {""w"": ""25W18"", ""opp"": ""MIN"", ""v"": -13.0, ""line"": 12.5}, {""w"": ""25W17"", ""opp"": ""BAL"", ""v"": -17.0, ""line"": -2.5}]",0.4323064161089314,0.4573643410852713,0.4485628462496086,2.15,bovada,-0.03558988056334145,0.0,-0.025057924976339907,GB moneyline,-2.3,
DEN @ LAC,GAME,DEN,LAC,game_moneyline,DEN,0.0,-3.5,6,,,9,True,,2026-10-11T20:05:00Z,"[{""w"": ""W4"", ""opp"": ""SF"", ""v"": -10.0, ""line"": 3.0}, {""w"": ""W3"", ""opp"": ""LA"", ""v"": 4.0, ""line"": -1.5}, {""w"": ""W2"", ""opp"": ""JAX"", ""v"": 7.0, ""line"": -2.5}, {""w"": ""W1"", ""opp"": ""KC"", ""v"": -21.0, ""line"": 2.5}, {""w"": ""25W18"", ""opp"": ""LAC"", ""v"": 16.0, ""line"": -14.5}, {""w"": ""25W17"", ""opp"": ""KC"", ""v"": 7.0, ""line"": -13.5}]",0.6017384426525451,0.6204379562043796,0.613930604453691,1.57,betmgm,-0.036128951007705135,0.0,-0.018699513551834523,DEN moneyline,-3.5,
CHI @ GB,GAME,GB,GB,game_total,Over,45.5,45.5,6,,,9,True,,2026-10-11T17:00:00Z,"[{""w"": ""W4"", ""opp"": ""TB"", ""v"": 31.0, ""line"": 38.5}, {""w"": ""W3"", ""opp"": ""ATL"", ""v"": 49.0, ""line"": 43.5}, {""w"": ""W2"", ""opp"": ""NYJ"", ""v"": 37.0, ""line"": 44.5}, {""w"": ""W1"", ""opp"": ""MIN"", ""v"": 61.0, ""line"": 46.5}, {""w"": ""25W18"", ""opp"": ""MIN"", ""v"": 19.0, ""line"": 37.5}, {""w"": ""25W17"", ""opp"": ""BAL"", ""v"": 65.0, ""line"": 38.5}]",0.5039370078740157,0.5039370078740157,0.5039370078740157,1.91,fanduel,-0.03748031496062998,0.0,0.0,Over 45.5,-2.3,
CIN @ MIA,GAME,MIA,MIA,game_total,Over,42.0,42.0,6,,,2,True,,2026-10-11T17:00:00Z,"[{""w"": ""W4"", ""opp"": ""MIN"", ""v"": 25.0, ""line"": 38.5}, {""w"": ""W3"", ""opp"": ""KC"", ""v"": 34.0, ""line"": 45.5}, {""w"": ""W2"", ""opp"": ""SF"", ""v"": 48.0, ""line"": 44.5}, {""w"": ""W1"", ""opp"": ""LV"", ""v"": 40.0, ""line"": 40.5}, {""w"": ""25W18"", ""opp"": ""NE"", ""v"": 48.0, ""line"": 44.5}, {""w"": ""25W17"", ""opp"": ""TB"", ""v"": 37.0, ""line"": 44.5}]",0.5117122860320646,0.5117122860320646,0.5117122860320646,1.88,lowvig,-0.03798090225971851,0.0,0.0,Over 42,-2.4,
SF @ SEA,GAME,SEA,SEA,game_total,Over,46.5,46.5,6,,,2,True,,2026-10-11T20:25:00Z,"[{""w"": ""W4"", ""opp"": ""LAC"", ""v"": 53.0, ""line"": 42.5}, {""w"": ""W3"", ""opp"": ""WAS"", ""v"": 64.0, ""line"": 40.5}, {""w"": ""W2"", ""opp"": ""ARI"", ""v"": 38.0, ""line"": 40.5}, {""w"": ""W1"", ""opp"": ""NE"", ""v"": 23.0, ""line"": 44.5}, {""w"": ""25W18"", ""opp"": ""SF"", ""v"": 16.0, ""line"": 47.5}, {""w"": ""25W17"", ""opp"": ""CAR"", ""v"": 37.0, ""line"": 42.5}]",0.503280839895013,0.503280839895013,0.503280839895013,1.91,betus,-0.0387335958005251,0.0,0.0,Over 46.5,2.3,
BUF @ LA,GAME,LA,LA,game_total,Under,54.0,54.0,6,,,2,True,,2026-10-13T00:15:00Z,"[{""w"": ""W4"", ""opp"": ""PHI"", ""v"": 44.0, ""line"": 42.5}, {""w"": ""W3"", ""opp"": ""DEN"", ""v"": 56.0, ""line"": 43.5}, {""w"": ""W2"", ""opp"": ""NYG"", ""v"": 34.0, ""line"": 47.5}, {""w"": ""W1"", ""opp"": ""SF"", ""v"": 34.0, ""line"": 47.5}, {""w"": ""25W18"", ""opp"": ""ARI"", ""v"": 57.0, ""line"": 49.5}, {""w"": ""25W17"", ""opp"": ""ATL"", ""v"": 51.0, ""line"": 48.5}]",0.49279589396875134,0.49279589396875134,0.49279589396875134,1.95,bovada,-0.039048006760934895,0.0,0.0,Under 54,0.9,
CIN @ MIA,GAME,MIA,MIA,game_total,Over,42.5,42.5,6,,,6,True,,2026-10-11T17:00:00Z,"[{""w"": ""W4"", ""opp"": ""MIN"", ""v"": 25.0, ""line"": 38.5}, {""w"": ""W3"", ""opp"": ""KC"", ""v"": 34.0, ""line"": 45.5}, {""w"": ""W2"", ""opp"": ""SF"", ""v"": 48.0, ""line"": 44.5}, {""w"": ""W1"", ""opp"": ""LV"", ""v"": 40.0, ""line"": 40.5}, {""w"": ""25W18"", ""opp"": ""NE"", ""v"": 48.0, ""line"": 44.5}, {""w"": ""25W17"", ""opp"": ""TB"", ""v"": 37.0, ""line"": 44.5}]",0.5,0.5,0.5,1.92,betrivers,-0.040000000000000036,0.0,0.0,Over 42.5,-2.4,
MIN @ NO,GAME,NO,NO,game_total,Under,42.5,42.5,6,,,2,True,,2026-10-11T17:00:00Z,"[{""w"": ""W4"", ""opp"": ""ATL"", ""v"": 69.0, ""line"": 47.5}, {""w"": ""W3"", ""opp"": ""LV"", ""v"": 62.0, ""line"": 43.5}, {""w"": ""W2"", ""opp"": ""BAL"", ""v"": 41.0, ""line"": 45.5}, {""w"": ""W1"", ""opp"": ""DET"", ""v"": 61.0, ""line"": 49.5}, {""w"": ""25W18"", ""opp"": ""ATL"", ""v"": 36.0, ""line"": 43.5}, {""w"": ""25W17"", ""opp"": ""TEN"", ""v"": 60.0, ""line"": 39.5}]",0.5078534031413613,0.5078534031413613,0.5078534031413613,1.89,draftkings,-0.040157068062827206,0.0,0.0,Under 42.5,-4.8,
MIN @ NO,GAME,NO,NO,game_total,Over,42.5,42.5,6,,,2,True,,2026-10-11T17:00:00Z,"[{""w"": ""W4"", ""opp"": ""ATL"", ""v"": 69.0, ""line"": 47.5}, {""w"": ""W3"", ""opp"": ""LV"", ""v"": 62.0, ""line"": 43.5}, {""w"": ""W2"", ""opp"": ""BAL"", ""v"": 41.0, ""line"": 45.5}, {""w"": ""W1"", ""opp"": ""DET"", ""v"": 61.0, ""line"": 49.5}, {""w"": ""25W18"", ""opp"": ""ATL"", ""v"": 36.0, ""line"": 43.5}, {""w"": ""25W17"", ""opp"": ""TEN"", ""v"": 60.0, ""line"": 39.5}]",0.49214659685863876,0.49214659685863876,0.49214659685863876,1.95,fanduel,-0.04031413612565449,0.0,0.0,Over 42.5,-4.8,
SF @ SEA,GAME,SEA,SEA,game_total,Under,46.5,46.5,6,,,2,True,,2026-10-11T20:25:00Z,"[{""w"": ""W4"", ""opp"": ""LAC"", ""v"": 53.0, ""line"": 42.5}, {""w"": ""W3"", ""opp"": ""WAS"", ""v"": 64.0, ""line"": 40.5}, {""w"": ""W2"", ""opp"": ""ARI"", ""v"": 38.0, ""line"": 40.5}, {""w"": ""W1"", ""opp"": ""NE"", ""v"": 23.0, ""line"": 44.5}, {""w"": ""25W18"", ""opp"": ""SF"", ""v"": 16.0, ""line"": 47.5}, {""w"": ""25W17"", ""opp"": ""CAR"", ""v"": 37.0, ""line"": 42.5}]",0.4967191601049869,0.4967191601049869,0.4967191601049869,1.93,betrivers,-0.04133202099737526,0.0,0.0,Under 46.5,2.3,
BUF @ LA,GAME,LA,LA,game_total,Over,54.0,54.0,6,,,2,True,,2026-10-13T00:15:00Z,"[{""w"": ""W4"", ""opp"": ""PHI"", ""v"": 44.0, ""line"": 42.5}, {""w"": ""W3"", ""opp"": ""DEN"", ""v"": 56.0, ""line"": 43.5}, {""w"": ""W2"", ""opp"": ""NYG"", ""v"": 34.0, ""line"": 47.5}, {""w"": ""W1"", ""opp"": ""SF"", ""v"": 34.0, ""line"": 47.5}, {""w"": ""25W18"", ""opp"": ""ARI"", ""v"": 57.0, ""line"": 49.5}, {""w"": ""25W17"", ""opp"": ""ATL"", ""v"": 51.0, ""line"": 48.5}]",0.5072041060312487,0.5072041060312487,0.5072041060312487,1.89,betrivers,-0.041384239600940065,0.0,0.0,Over 54,0.9,
CLE @ NYJ,GAME,NYJ,NYJ,game_total,Under,39.5,39.5,6,,,1,True,,2026-10-11T17:00:00Z,"[{""w"": ""W4"", ""opp"": ""CHI"", ""v"": 35.0, ""line"": 43.5}, {""w"": ""W3"", ""opp"": ""DET"", ""v"": 55.0, ""line"": 49.5}, {""w"": ""W2"", ""opp"": ""GB"", ""v"": 37.0, ""line"": 44.5}, {""w"": ""W1"", ""opp"": ""TEN"", ""v"": 33.0, ""line"": 39.5}, {""w"": ""25W18"", ""opp"": ""BUF"", ""v"": 43.0, ""line"": 39.5}, {""w"": ""25W17"", ""opp"": ""NE"", ""v"": 52.0, ""line"": 42.5}]",0.4830287206266319,0.4830287206266319,0.48302872062663194,1.98,draftkings,-0.04360313315926878,0.0,0.0,Under 39.5,-2.1,
CLE @ NYJ,GAME,NYJ,NYJ,game_total,Over,39.5,39.5,6,,,1,True,,2026-10-11T17:00:00Z,"[{""w"": ""W4"", ""opp"": ""CHI"", ""v"": 35.0, ""line"": 43.5}, {""w"": ""W3"", ""opp"": ""DET"", ""v"": 55.0, ""line"": 49.5}, {""w"": ""W2"", ""opp"": ""GB"", ""v"": 37.0, ""line"": 44.5}, {""w"": ""W1"", ""opp"": ""TEN"", ""v"": 33.0, ""line"": 39.5}, {""w"": ""25W18"", ""opp"": ""BUF"", ""v"": 43.0, ""line"": 39.5}, {""w"": ""25W17"", ""opp"": ""NE"", ""v"": 52.0, ""line"": 42.5}]",0.5169712793733681,0.5169712793733681,0.5169712793733681,1.85,draftkings,-0.04360313315926906,0.0,0.0,Over 39.5,-2.1,
DEN @ LAC,GAME,LAC,LAC,game_total,Over,42.5,42.5,6,,,2,True,,2026-10-11T20:05:00Z,"[{""w"": ""W4"", ""opp"": ""SEA"", ""v"": 53.0, ""line"": 42.5}, {""w"": ""W3"", ""opp"": ""BUF"", ""v"": 40.0, ""line"": 50.5}, {""w"": ""W2"", ""opp"": ""LV"", ""v"": 40.0, ""line"": 43.5}, {""w"": ""W1"", ""opp"": ""ARI"", ""v"": 40.0, ""line"": 47.5}, {""w"": ""25W18"", ""opp"": ""DEN"", ""v"": 22.0, ""line"": 37.5}, {""w"": ""25W17"", ""opp"": ""HOU"", ""v"": 36.0, ""line"": 40.5}]",0.4927924585343063,0.4927924585343063,0.4927924585343063,1.94,fanduel,-0.0439826304434458,0.0,0.0,Over 42.5,-3.5,
NYG @ WAS,GAME,WAS,WAS,game_total,Over,41.5,41.5,6,,,1,True,,2026-10-11T17:00:00Z,"[{""w"": ""W4"", ""opp"": ""IND"", ""v"": 43.0, ""line"": 46.5}, {""w"": ""W3"", ""opp"": ""SEA"", ""v"": 64.0, ""line"": 40.5}, {""w"": ""W2"", ""opp"": ""DAL"", ""v"": 57.0, ""line"": 51.5}, {""w"": ""W1"", ""opp"": ""PHI"", ""v"": 46.0, ""line"": 43.5}, {""w"": ""25W18"", ""opp"": ""PHI"", ""v"": 41.0, ""line"": 38.5}, {""w"": ""25W17"", ""opp"": ""DAL"", ""v"": 53.0, ""line"": 50.5}]",0.5,0.5,0.5,1.91,betus,-0.04500000000000004,0.0,0.0,Over 41.5,-1.1,
HOU @ TEN,GAME,TEN,TEN,game_total,Over,38.0,38.0,6,,,1,True,,2026-10-11T17:00:00Z,"[{""w"": ""W4"", ""opp"": ""BAL"", ""v"": 42.0, ""line"": 42.5}, {""w"": ""W3"", ""opp"": ""NYG"", ""v"": 19.0, ""line"": 37.5}, {""w"": ""W2"", ""opp"": ""PHI"", ""v"": 44.0, ""line"": 39.5}, {""w"": ""W1"", ""opp"": ""NYJ"", ""v"": 33.0, ""line"": 39.5}, {""w"": ""25W18"", ""opp"": ""JAX"", ""v"": 48.0, ""line"": 46.5}, {""w"": ""25W17"", ""opp"": ""NO"", ""v"": 60.0, ""line"": 39.5}]",0.5,0.5,0.5,1.91,betrivers,-0.04500000000000004,0.0,0.0,Over 38,-4.7,
HOU @ TEN,GAME,TEN,TEN,game_total,Under,38.0,38.0,6,,,1,True,,2026-10-11T17:00:00Z,"[{""w"": ""W4"", ""opp"": ""BAL"", ""v"": 42.0, ""line"": 42.5}, {""w"": ""W3"", ""opp"": ""NYG"", ""v"": 19.0, ""line"": 37.5}, {""w"": ""W2"", ""opp"": ""PHI"", ""v"": 44.0, ""line"": 39.5}, {""w"": ""W1"", ""opp"": ""NYJ"", ""v"": 33.0, ""line"": 39.5}, {""w"": ""25W18"", ""opp"": ""JAX"", ""v"": 48.0, ""line"": 46.5}, {""w"": ""25W17"", ""opp"": ""NO"", ""v"": 60.0, ""line"": 39.5}]",0.5,0.5,0.5,1.91,betrivers,-0.04500000000000004,0.0,0.0,Under 38,-4.7,
CIN @ MIA,GAME,MIA,MIA,game_total,Under,42.5,42.5,6,,,6,True,,2026-10-11T17:00:00Z,"[{""w"": ""W4"", ""opp"": ""MIN"", ""v"": 25.0, ""line"": 38.5}, {""w"": ""W3"", ""opp"": ""KC"", ""v"": 34.0, ""line"": 45.5}, {""w"": ""W2"", ""opp"": ""SF"", ""v"": 48.0, ""line"": 44.5}, {""w"": ""W1"", ""opp"": ""LV"", ""v"": 40.0, ""line"": 40.5}, {""w"": ""25W18"", ""opp"": ""NE"", ""v"": 48.0, ""line"": 44.5}, {""w"": ""25W17"", ""opp"": ""TB"", ""v"": 37.0, ""line"": 44.5}]",0.5,0.5,0.5,1.91,draftkings,-0.04500000000000004,0.0,0.0,Under 42.5,-2.4,
NYG @ WAS,GAME,WAS,WAS,game_total,Under,41.5,41.5,6,,,1,True,,2026-10-11T17:00:00Z,"[{""w"": ""W4"", ""opp"": ""IND"", ""v"": 43.0, ""line"": 46.5}, {""w"": ""W3"", ""opp"": ""SEA"", ""v"": 64.0, ""line"": 40.5}, {""w"": ""W2"", ""opp"": ""DAL"", ""v"": 57.0, ""line"": 51.5}, {""w"": ""W1"", ""opp"": ""PHI"", ""v"": 46.0, ""line"": 43.5}, {""w"": ""25W18"", ""opp"": ""PHI"", ""v"": 41.0, ""line"": 38.5}, {""w"": ""25W17"", ""opp"": ""DAL"", ""v"": 53.0, ""line"": 50.5}]",0.5,0.5,0.5,1.91,betus,-0.04500000000000004,0.0,0.0,Under 41.5,-1.1,
TB @ DAL,GAME,DAL,DAL,game_total,Over,48.5,48.5,6,,,1,True,,2026-10-09T00:15:00Z,"[{""w"": ""W4"", ""opp"": ""HOU"", ""v"": 64.0, ""line"": 48.5}, {""w"": ""W3"", ""opp"": ""BAL"", ""v"": 65.0, ""line"": 53.5}, {""w"": ""W2"", ""opp"": ""WAS"", ""v"": 57.0, ""line"": 51.5}, {""w"": ""W1"", ""opp"": ""NYG"", ""v"": 48.0, ""line"": 47.5}, {""w"": ""25W18"", ""opp"": ""NYG"", ""v"": 51.0, ""line"": 50.5}, {""w"": ""25W17"", ""opp"": ""WAS"", ""v"": 53.0, ""line"": 50.5}]",0.4895287958115184,0.4895287958115184,0.4895287958115185,1.95,fanduel,-0.04541884816753905,0.0,0.0,Over 48.5,4.6,
PHI @ JAX,GAME,JAX,JAX,game_total,Over,42.5,42.5,6,,,1,True,,2026-10-11T13:30:00Z,"[{""w"": ""W4"", ""opp"": ""CIN"", ""v"": 39.0, ""line"": 51.5}, {""w"": ""W3"", ""opp"": ""NE"", ""v"": 41.0, ""line"": 46.5}, {""w"": ""W2"", ""opp"": ""DEN"", ""v"": 33.0, ""line"": 45.5}, {""w"": ""W1"", ""opp"": ""CLE"", ""v"": 44.0, ""line"": 40.5}, {""w"": ""25W18"", ""opp"": ""TEN"", ""v"": 48.0, ""line"": 46.5}, {""w"": ""25W17"", ""opp"": ""IND"", ""v"": 40.0, ""line"": 48.5}]",0.4895287958115184,0.4895287958115184,0.4895287958115185,1.95,draftkings,-0.04541884816753905,0.0,0.0,Over 42.5,7.4,
MIN @ NO,GAME,NO,NO,game_total,Under,41.5,41.5,6,,,1,True,,2026-10-11T17:00:00Z,"[{""w"": ""W4"", ""opp"": ""ATL"", ""v"": 69.0, ""line"": 47.5}, {""w"": ""W3"", ""opp"": ""LV"", ""v"": 62.0, ""line"": 43.5}, {""w"": ""W2"", ""opp"": ""BAL"", ""v"": 41.0, ""line"": 45.5}, {""w"": ""W1"", ""opp"": ""DET"", ""v"": 61.0, ""line"": 49.5}, {""w"": ""25W18"", ""opp"": ""ATL"", ""v"": 36.0, ""line"": 43.5}, {""w"": ""25W17"", ""opp"": ""TEN"", ""v"": 60.0, ""line"": 39.5}]",0.4895287958115184,0.4895287958115184,0.4895287958115185,1.95,bovada,-0.04541884816753905,0.0,0.0,Under 41.5,-4.8,
LV @ NE,GAME,NE,NE,game_total,Over,45.5,45.5,6,,,1,True,,2026-10-11T17:00:00Z,"[{""w"": ""W4"", ""opp"": ""BUF"", ""v"": 55.0, ""line"": 49.5}, {""w"": ""W3"", ""opp"": ""JAX"", ""v"": 41.0, ""line"": 46.5}, {""w"": ""W2"", ""opp"": ""PIT"", ""v"": 23.0, ""line"": 41.5}, {""w"": ""W1"", ""opp"": ""SEA"", ""v"": 23.0, ""line"": 44.5}, {""w"": ""25W18"", ""opp"": ""MIA"", ""v"": 48.0, ""line"": 44.5}, {""w"": ""25W17"", ""opp"": ""NYJ"", ""v"": 52.0, ""line"": 42.5}]",0.4895287958115184,0.4895287958115184,0.4895287958115185,1.95,draftkings,-0.04541884816753905,0.0,0.0,Over 45.5,7.5,
CIN @ MIA,GAME,MIA,MIA,game_total,Over,43.0,43.0,6,,,1,True,,2026-10-11T17:00:00Z,"[{""w"": ""W4"", ""opp"": ""MIN"", ""v"": 25.0, ""line"": 38.5}, {""w"": ""W3"", ""opp"": ""KC"", ""v"": 34.0, ""line"": 45.5}, {""w"": ""W2"", ""opp"": ""SF"", ""v"": 48.0, ""line"": 44.5}, {""w"": ""W1"", ""opp"": ""LV"", ""v"": 40.0, ""line"": 40.5}, {""w"": ""25W18"", ""opp"": ""NE"", ""v"": 48.0, ""line"": 44.5}, {""w"": ""25W17"", ""opp"": ""TB"", ""v"": 37.0, ""line"": 44.5}]",0.4895287958115184,0.4895287958115184,0.4895287958115185,1.95,bovada,-0.04541884816753905,0.0,0.0,Over 43,-2.4,
CLE @ NYJ,GAME,NYJ,NYJ,game_total,Over,40.5,40.5,6,,,1,True,,2026-10-11T17:00:00Z,"[{""w"": ""W4"", ""opp"": ""CHI"", ""v"": 35.0, ""line"": 43.5}, {""w"": ""W3"", ""opp"": ""DET"", ""v"": 55.0, ""line"": 49.5}, {""w"": ""W2"", ""opp"": ""GB"", ""v"": 37.0, ""line"": 44.5}, {""w"": ""W1"", ""opp"": ""TEN"", ""v"": 33.0, ""line"": 39.5}, {""w"": ""25W18"", ""opp"": ""BUF"", ""v"": 43.0, ""line"": 39.5}, {""w"": ""25W17"", ""opp"": ""NE"", ""v"": 52.0, ""line"": 42.5}]",0.4895287958115184,0.4895287958115184,0.4895287958115185,1.95,fanduel,-0.04541884816753905,0.0,0.0,Over 40.5,-2.1,
LV @ NE,GAME,NE,NE,game_total,Under,44.5,44.5,6,,,1,True,,2026-10-11T17:00:00Z,"[{""w"": ""W4"", ""opp"": ""BUF"", ""v"": 55.0, ""line"": 49.5}, {""w"": ""W3"", ""opp"": ""JAX"", ""v"": 41.0, ""line"": 46.5}, {""w"": ""W2"", ""opp"": ""PIT"", ""v"": 23.0, ""line"": 41.5}, {""w"": ""W1"", ""opp"": ""SEA"", ""v"": 23.0, ""line"": 44.5}, {""w"": ""25W18"", ""opp"": ""MIA"", ""v"": 48.0, ""line"": 44.5}, {""w"": ""25W17"", ""opp"": ""NYJ"", ""v"": 52.0, ""line"": 42.5}]",0.4895287958115184,0.4895287958115184,0.4895287958115185,1.95,fanduel,-0.04541884816753905,0.0,0.0,Under 44.5,7.5,
SF @ SEA,GAME,SEA,SEA,game_total,Under,45.5,45.5,6,,,2,True,,2026-10-11T20:25:00Z,"[{""w"": ""W4"", ""opp"": ""LAC"", ""v"": 53.0, ""line"": 42.5}, {""w"": ""W3"", ""opp"": ""WAS"", ""v"": 64.0, ""line"": 40.5}, {""w"": ""W2"", ""opp"": ""ARI"", ""v"": 38.0, ""line"": 40.5}, {""w"": ""W1"", ""opp"": ""NE"", ""v"": 23.0, ""line"": 44.5}, {""w"": ""25W18"", ""opp"": ""SF"", ""v"": 16.0, ""line"": 47.5}, {""w"": ""25W17"", ""opp"": ""CAR"", ""v"": 37.0, ""line"": 42.5}]",0.4895287958115184,0.4895287958115184,0.4895287958115185,1.95,draftkings,-0.04541884816753905,0.0,0.0,Under 45.5,2.3,
DEN @ LAC,GAME,LAC,LAC,game_total,Under,41.5,41.5,6,,,2,True,,2026-10-11T20:05:00Z,"[{""w"": ""W4"", ""opp"": ""SEA"", ""v"": 53.0, ""line"": 42.5}, {""w"": ""W3"", ""opp"": ""BUF"", ""v"": 40.0, ""line"": 50.5}, {""w"": ""W2"", ""opp"": ""LV"", ""v"": 40.0, ""line"": 43.5}, {""w"": ""W1"", ""opp"": ""ARI"", ""v"": 40.0, ""line"": 47.5}, {""w"": ""25W18"", ""opp"": ""DEN"", ""v"": 22.0, ""line"": 37.5}, {""w"": ""25W17"", ""opp"": ""HOU"", ""v"": 36.0, ""line"": 40.5}]",0.4895287958115184,0.4895287958115184,0.4895287958115185,1.95,draftkings,-0.04541884816753905,0.0,0.0,Under 41.5,-3.5,
SF @ SEA,GAME,SEA,SEA,game_total,Over,45.5,45.5,6,,,2,True,,2026-10-11T20:25:00Z,"[{""w"": ""W4"", ""opp"": ""LAC"", ""v"": 53.0, ""line"": 42.5}, {""w"": ""W3"", ""opp"": ""WAS"", ""v"": 64.0, ""line"": 40.5}, {""w"": ""W2"", ""opp"": ""ARI"", ""v"": 38.0, ""line"": 40.5}, {""w"": ""W1"", ""opp"": ""NE"", ""v"": 23.0, ""line"": 44.5}, {""w"": ""25W18"", ""opp"": ""SF"", ""v"": 16.0, ""line"": 47.5}, {""w"": ""25W17"", ""opp"": ""CAR"", ""v"": 37.0, ""line"": 42.5}]",0.5104712041884817,0.5104712041884817,0.5104712041884817,1.87,draftkings,-0.045418848167539216,0.0,0.0,Over 45.5,2.3,
CLE @ NYJ,GAME,NYJ,NYJ,game_total,Under,40.5,40.5,6,,,1,True,,2026-10-11T17:00:00Z,"[{""w"": ""W4"", ""opp"": ""CHI"", ""v"": 35.0, ""line"": 43.5}, {""w"": ""W3"", ""opp"": ""DET"", ""v"": 55.0, ""line"": 49.5}, {""w"": ""W2"", ""opp"": ""GB"", ""v"": 37.0, ""line"": 44.5}, {""w"": ""W1"", ""opp"": ""TEN"", ""v"": 33.0, ""line"": 39.5}, {""w"": ""25W18"", ""opp"": ""BUF"", ""v"": 43.0, ""line"": 39.5}, {""w"": ""25W17"", ""opp"": ""NE"", ""v"": 52.0, ""line"": 42.5}]",0.5104712041884817,0.5104712041884817,0.5104712041884817,1.87,fanduel,-0.045418848167539216,0.0,0.0,Under 40.5,-2.1,
TB @ DAL,GAME,DAL,DAL,game_total,Under,48.5,48.5,6,,,1,True,,2026-10-09T00:15:00Z,"[{""w"": ""W4"", ""opp"": ""HOU"", ""v"": 64.0, ""line"": 48.5}, {""w"": ""W3"", ""opp"": ""BAL"", ""v"": 65.0, ""line"": 53.5}, {""w"": ""W2"", ""opp"": ""WAS"", ""v"": 57.0, ""line"": 51.5}, {""w"": ""W1"", ""opp"": ""NYG"", ""v"": 48.0, ""line"": 47.5}, {""w"": ""25W18"", ""opp"": ""NYG"", ""v"": 51.0, ""line"": 50.5}, {""w"": ""25W17"", ""opp"": ""WAS"", ""v"": 53.0, ""line"": 50.5}]",0.5104712041884817,0.5104712041884817,0.5104712041884817,1.87,fanduel,-0.045418848167539216,0.0,0.0,Under 48.5,4.6,
PHI @ JAX,GAME,JAX,JAX,game_total,Under,42.5,42.5,6,,,1,True,,2026-10-11T13:30:00Z,"[{""w"": ""W4"", ""opp"": ""CIN"", ""v"": 39.0, ""line"": 51.5}, {""w"": ""W3"", ""opp"": ""NE"", ""v"": 41.0, ""line"": 46.5}, {""w"": ""W2"", ""opp"": ""DEN"", ""v"": 33.0, ""line"": 45.5}, {""w"": ""W1"", ""opp"": ""CLE"", ""v"": 44.0, ""line"": 40.5}, {""w"": ""25W18"", ""opp"": ""TEN"", ""v"": 48.0, ""line"": 46.5}, {""w"": ""25W17"", ""opp"": ""IND"", ""v"": 40.0, ""line"": 48.5}]",0.5104712041884817,0.5104712041884817,0.5104712041884817,1.87,draftkings,-0.045418848167539216,0.0,0.0,Under 42.5,7.4,
LV @ NE,GAME,NE,NE,game_total,Under,45.5,45.5,6,,,1,True,,2026-10-11T17:00:00Z,"[{""w"": ""W4"", ""opp"": ""BUF"", ""v"": 55.0, ""line"": 49.5}, {""w"": ""W3"", ""opp"": ""JAX"", ""v"": 41.0, ""line"": 46.5}, {""w"": ""W2"", ""opp"": ""PIT"", ""v"": 23.0, ""line"": 41.5}, {""w"": ""W1"", ""opp"": ""SEA"", ""v"": 23.0, ""line"": 44.5}, {""w"": ""25W18"", ""opp"": ""MIA"", ""v"": 48.0, ""line"": 44.5}, {""w"": ""25W17"", ""opp"": ""NYJ"", ""v"": 52.0, ""line"": 42.5}]",0.5104712041884817,0.5104712041884817,0.5104712041884817,1.87,draftkings,-0.045418848167539216,0.0,0.0,Under 45.5,7.5,
DEN @ LAC,GAME,LAC,LAC,game_total,Over,41.5,41.5,6,,,2,True,,2026-10-11T20:05:00Z,"[{""w"": ""W4"", ""opp"": ""SEA"", ""v"": 53.0, ""line"": 42.5}, {""w"": ""W3"", ""opp"": ""BUF"", ""v"": 40.0, ""line"": 50.5}, {""w"": ""W2"", ""opp"": ""LV"", ""v"": 40.0, ""line"": 43.5}, {""w"": ""W1"", ""opp"": ""ARI"", ""v"": 40.0, ""line"": 47.5}, {""w"": ""25W18"", ""opp"": ""DEN"", ""v"": 22.0, ""line"": 37.5}, {""w"": ""25W17"", ""opp"": ""HOU"", ""v"": 36.0, ""line"": 40.5}]",0.5104712041884817,0.5104712041884817,0.5104712041884817,1.87,draftkings,-0.045418848167539216,0.0,0.0,Over 41.5,-3.5,
CIN @ MIA,GAME,MIA,MIA,game_total,Under,43.0,43.0,6,,,1,True,,2026-10-11T17:00:00Z,"[{""w"": ""W4"", ""opp"": ""MIN"", ""v"": 25.0, ""line"": 38.5}, {""w"": ""W3"", ""opp"": ""KC"", ""v"": 34.0, ""line"": 45.5}, {""w"": ""W2"", ""opp"": ""SF"", ""v"": 48.0, ""line"": 44.5}, {""w"": ""W1"", ""opp"": ""LV"", ""v"": 40.0, ""line"": 40.5}, {""w"": ""25W18"", ""opp"": ""NE"", ""v"": 48.0, ""line"": 44.5}, {""w"": ""25W17"", ""opp"": ""TB"", ""v"": 37.0, ""line"": 44.5}]",0.5104712041884817,0.5104712041884817,0.5104712041884817,1.87,bovada,-0.045418848167539216,0.0,0.0,Under 43,-2.4,
LV @ NE,GAME,NE,NE,game_total,Over,44.5,44.5,6,,,1,True,,2026-10-11T17:00:00Z,"[{""w"": ""W4"", ""opp"": ""BUF"", ""v"": 55.0, ""line"": 49.5}, {""w"": ""W3"", ""opp"": ""JAX"", ""v"": 41.0, ""line"": 46.5}, {""w"": ""W2"", ""opp"": ""PIT"", ""v"": 23.0, ""line"": 41.5}, {""w"": ""W1"", ""opp"": ""SEA"", ""v"": 23.0, ""line"": 44.5}, {""w"": ""25W18"", ""opp"": ""MIA"", ""v"": 48.0, ""line"": 44.5}, {""w"": ""25W17"", ""opp"": ""NYJ"", ""v"": 52.0, ""line"": 42.5}]",0.5104712041884817,0.5104712041884817,0.5104712041884817,1.87,fanduel,-0.045418848167539216,0.0,0.0,Over 44.5,7.5,
MIN @ NO,GAME,NO,NO,game_total,Over,41.5,41.5,6,,,1,True,,2026-10-11T17:00:00Z,"[{""w"": ""W4"", ""opp"": ""ATL"", ""v"": 69.0, ""line"": 47.5}, {""w"": ""W3"", ""opp"": ""LV"", ""v"": 62.0, ""line"": 43.5}, {""w"": ""W2"", ""opp"": ""BAL"", ""v"": 41.0, ""line"": 45.5}, {""w"": ""W1"", ""opp"": ""DET"", ""v"": 61.0, ""line"": 49.5}, {""w"": ""25W18"", ""opp"": ""ATL"", ""v"": 36.0, ""line"": 43.5}, {""w"": ""25W17"", ""opp"": ""TEN"", ""v"": 60.0, ""line"": 39.5}]",0.5104712041884817,0.5104712041884817,0.5104712041884817,1.87,bovada,-0.045418848167539216,0.0,0.0,Over 41.5,-4.8,
DEN @ LAC,GAME,LAC,LAC,game_total,Under,42.5,42.5,6,,,2,True,,2026-10-11T20:05:00Z,"[{""w"": ""W4"", ""opp"": ""SEA"", ""v"": 53.0, ""line"": 42.5}, {""w"": ""W3"", ""opp"": ""BUF"", ""v"": 40.0, ""line"": 50.5}, {""w"": ""W2"", ""opp"": ""LV"", ""v"": 40.0, ""line"": 43.5}, {""w"": ""W1"", ""opp"": ""ARI"", ""v"": 40.0, ""line"": 47.5}, {""w"": ""25W18"", ""opp"": ""DEN"", ""v"": 22.0, ""line"": 37.5}, {""w"": ""25W17"", ""opp"": ""HOU"", ""v"": 36.0, ""line"": 40.5}]",0.5072075414656938,0.5072075414656938,0.5072075414656938,1.88,fanduel,-0.046449822044495714,0.0,0.0,Under 42.5,-3.5,
DET @ ARI,GAME,ARI,ARI,game_total,Under,54.0,54.0,6,,,1,True,,2026-10-11T20:25:00Z,"[{""w"": ""W4"", ""opp"": ""NYG"", ""v"": 60.0, ""line"": 44.5}, {""w"": ""W3"", ""opp"": ""SF"", ""v"": 66.0, ""line"": 48.5}, {""w"": ""W2"", ""opp"": ""SEA"", ""v"": 38.0, ""line"": 40.5}, {""w"": ""W1"", ""opp"": ""LAC"", ""v"": 40.0, ""line"": 47.5}, {""w"": ""25W18"", ""opp"": ""LA"", ""v"": 57.0, ""line"": 49.5}, {""w"": ""25W17"", ""opp"": ""CIN"", ""v"": 51.0, ""line"": 52.5}]",0.4960629921259842,0.4960629921259842,0.49606299212598426,1.92,betrivers,-0.04755905511811026,0.0,0.0,Under 54,-2.0,
NYG @ WAS,GAME,WAS,WAS,game_total,Under,43.0,43.0,6,,,1,True,,2026-10-11T17:00:00Z,"[{""w"": ""W4"", ""opp"": ""IND"", ""v"": 43.0, ""line"": 46.5}, {""w"": ""W3"", ""opp"": ""SEA"", ""v"": 64.0, ""line"": 40.5}, {""w"": ""W2"", ""opp"": ""DAL"", ""v"": 57.0, ""line"": 51.5}, {""w"": ""W1"", ""opp"": ""PHI"", ""v"": 46.0, ""line"": 43.5}, {""w"": ""25W18"", ""opp"": ""PHI"", ""v"": 41.0, ""line"": 38.5}, {""w"": ""25W17"", ""opp"": ""DAL"", ""v"": 53.0, ""line"": 50.5}]",0.4960629921259842,0.4960629921259842,0.49606299212598426,1.92,betrivers,-0.04755905511811026,0.0,0.0,Under 43,-1.1,
NYG @ WAS,GAME,WAS,WAS,game_total,Over,43.0,43.0,6,,,1,True,,2026-10-11T17:00:00Z,"[{""w"": ""W4"", ""opp"": ""IND"", ""v"": 43.0, ""line"": 46.5}, {""w"": ""W3"", ""opp"": ""SEA"", ""v"": 64.0, ""line"": 40.5}, {""w"": ""W2"", ""opp"": ""DAL"", ""v"": 57.0, ""line"": 51.5}, {""w"": ""W1"", ""opp"": ""PHI"", ""v"": 46.0, ""line"": 43.5}, {""w"": ""25W18"", ""opp"": ""PHI"", ""v"": 41.0, ""line"": 38.5}, {""w"": ""25W17"", ""opp"": ""DAL"", ""v"": 53.0, ""line"": 50.5}]",0.5039370078740157,0.5039370078740157,0.5039370078740157,1.89,betrivers,-0.047559055118110316,0.0,0.0,Over 43,-1.1,
DET @ ARI,GAME,ARI,ARI,game_total,Over,54.0,54.0,6,,,1,True,,2026-10-11T20:25:00Z,"[{""w"": ""W4"", ""opp"": ""NYG"", ""v"": 60.0, ""line"": 44.5}, {""w"": ""W3"", ""opp"": ""SF"", ""v"": 66.0, ""line"": 48.5}, {""w"": ""W2"", ""opp"": ""SEA"", ""v"": 38.0, ""line"": 40.5}, {""w"": ""W1"", ""opp"": ""LAC"", ""v"": 40.0, ""line"": 47.5}, {""w"": ""25W18"", ""opp"": ""LA"", ""v"": 57.0, ""line"": 49.5}, {""w"": ""25W17"", ""opp"": ""CIN"", ""v"": 51.0, ""line"": 52.5}]",0.5039370078740157,0.5039370078740157,0.5039370078740157,1.89,betrivers,-0.047559055118110316,0.0,0.0,Over 54,-2.0,
PHI @ JAX,GAME,JAX,PHI,game_moneyline,JAX,0.0,7.4,6,,,9,True,,2026-10-11T13:30:00Z,"[{""w"": ""W4"", ""opp"": ""CIN"", ""v"": 5.0, ""line"": 2.5}, {""w"": ""W3"", ""opp"": ""NE"", ""v"": 29.0, ""line"": -3.0}, {""w"": ""W2"", ""opp"": ""DEN"", ""v"": -7.0, ""line"": 2.5}, {""w"": ""W1"", ""opp"": ""CLE"", ""v"": 24.0, ""line"": -8.5}, {""w"": ""25W18"", ""opp"": ""TEN"", ""v"": 34.0, ""line"": -12.5}, {""w"": ""25W17"", ""opp"": ""IND"", ""v"": 6.0, ""line"": -3.5}]",0.7091840116183319,0.7585551330798479,0.7419448938436328,1.28,draftkings,-0.05031053588014997,0.0,-0.04937112146151601,JAX moneyline,7.4,
BAL @ ATL,GAME,ATL,ATL,game_total,Over,44.0,44.0,6,,,1,True,,2026-10-12T00:20:00Z,"[{""w"": ""W4"", ""opp"": ""NO"", ""v"": 69.0, ""line"": 47.5}, {""w"": ""W3"", ""opp"": ""GB"", ""v"": 49.0, ""line"": 43.5}, {""w"": ""W2"", ""opp"": ""CAR"", ""v"": 37.0, ""line"": 43.5}, {""w"": ""W1"", ""opp"": ""PIT"", ""v"": 33.0, ""line"": 40.5}, {""w"": ""25W18"", ""opp"": ""NO"", ""v"": 36.0, ""line"": 43.5}, {""w"": ""25W17"", ""opp"": ""LA"", ""v"": 51.0, ""line"": 48.5}]",0.48930481283422456,0.48930481283422456,0.4893048128342246,1.91,betmgm,-0.06542780748663107,0.0,0.0,Over 44,0.9,
BAL @ ATL,GAME,ATL,ATL,game_total,Under,44.0,44.0,6,,,1,True,,2026-10-12T00:20:00Z,"[{""w"": ""W4"", ""opp"": ""NO"", ""v"": 69.0, ""line"": 47.5}, {""w"": ""W3"", ""opp"": ""GB"", ""v"": 49.0, ""line"": 43.5}, {""w"": ""W2"", ""opp"": ""CAR"", ""v"": 37.0, ""line"": 43.5}, {""w"": ""W1"", ""opp"": ""PIT"", ""v"": 33.0, ""line"": 40.5}, {""w"": ""25W18"", ""opp"": ""NO"", ""v"": 36.0, ""line"": 43.5}, {""w"": ""25W17"", ""opp"": ""LA"", ""v"": 51.0, ""line"": 48.5}]",0.5106951871657753,0.5106951871657753,0.5106951871657753,1.83,betmgm,-0.06542780748663113,0.0,0.0,Under 44,0.9,
BUF @ LA,GAME,LA,BUF,game_moneyline,LA,0.0,0.9,6,,,9,True,,2026-10-13T00:15:00Z,"[{""w"": ""W4"", ""opp"": ""PHI"", ""v"": 4.0, ""line"": -3.5}, {""w"": ""W3"", ""opp"": ""DEN"", ""v"": -4.0, ""line"": 1.5}, {""w"": ""W2"", ""opp"": ""NYG"", ""v"": 22.0, ""line"": -6.5}, {""w"": ""W1"", ""opp"": ""SF"", ""v"": -20.0, ""line"": -3.5}, {""w"": ""25W18"", ""opp"": ""ARI"", ""v"": 17.0, ""line"": -14.5}, {""w"": ""25W17"", ""opp"": ""ATL"", ""v"": -3.0, ""line"": -7.5}]",0.5263410151511548,0.5985037406483791,0.5735656702442213,1.62,draftkings,-0.0708236142043614,0.0,-0.07216272549722424,LA moneyline,0.9,
HOU @ TEN,GAME,HOU,TEN,game_moneyline,HOU,0.0,-4.7,6,,,9,True,,2026-10-11T17:00:00Z,"[{""w"": ""W4"", ""opp"": ""DAL"", ""v"": -4.0, ""line"": -3.0}, {""w"": ""W3"", ""opp"": ""IND"", ""v"": -2.0, ""line"": -1.5}, {""w"": ""W2"", ""opp"": ""CIN"", ""v"": -14.0, ""line"": -3.0}, {""w"": ""W1"", ""opp"": ""BUF"", ""v"": -5.0, ""line"": 1.5}, {""w"": ""25W18"", ""opp"": ""IND"", ""v"": 8.0, ""line"": -9.5}, {""w"": ""25W17"", ""opp"": ""LAC"", ""v"": 4.0, ""line"": 1.5}]",0.6356185430827175,0.7619047619047619,0.7212734410682536,1.28,betrivers,-0.07676999543263532,0.0,-0.12628621882204438,HOU moneyline,-4.7,
BAL @ ATL,GAME,ATL,BAL,game_moneyline,ATL,0.0,0.9,6,,,9,True,,2026-10-12T00:20:00Z,"[{""w"": ""W4"", ""opp"": ""NO"", ""v"": 21.0, ""line"": 1.5}, {""w"": ""W3"", ""opp"": ""GB"", ""v"": 21.0, ""line"": 4.5}, {""w"": ""W2"", ""opp"": ""CAR"", ""v"": -31.0, ""line"": 2.5}, {""w"": ""W1"", ""opp"": ""PIT"", ""v"": -7.0, ""line"": 6.5}, {""w"": ""25W18"", ""opp"": ""NO"", ""v"": 2.0, ""line"": -4.5}, {""w"": ""25W17"", ""opp"": ""LA"", ""v"": 3.0, ""line"": 7.5}]",0.5251662444888949,0.6142506142506142,0.5836201413971832,1.58,fanduel,-0.0778801765924505,0.0,-0.0890843697617193,ATL moneyline,0.9,
DET @ ARI,GAME,DET,ARI,game_moneyline,DET,0.0,-2.0,6,,,9,True,,2026-10-11T20:25:00Z,"[{""w"": ""W4"", ""opp"": ""CAR"", ""v"": -6.0, ""line"": -4.5}, {""w"": ""W3"", ""opp"": ""NYJ"", ""v"": 7.0, ""line"": -7.0}, {""w"": ""W2"", ""opp"": ""BUF"", ""v"": -10.0, ""line"": 5.5}, {""w"": ""W1"", ""opp"": ""NO"", ""v"": 1.0, ""line"": -7.0}, {""w"": ""25W18"", ""opp"": ""CHI"", ""v"": 3.0, ""line"": 3.5}, {""w"": ""25W17"", ""opp"": ""MIN"", ""v"": -13.0, ""line"": -7.0}]",0.5587268892524779,0.6853932584269663,0.6430746047405417,1.43,fanduel,-0.08040331522102545,0.0,-0.12666636917448837,DET moneyline,-2.0,
CLE @ NYJ,GAME,NYJ,CLE,game_moneyline,NYJ,0.0,-2.1,6,,,9,True,,2026-10-11T17:00:00Z,"[{""w"": ""W4"", ""opp"": ""CHI"", ""v"": -11.0, ""line"": 3.5}, {""w"": ""W3"", ""opp"": ""DET"", ""v"": -7.0, ""line"": 7.0}, {""w"": ""W2"", ""opp"": ""GB"", ""v"": -3.0, ""line"": 3.5}, {""w"": ""W1"", ""opp"": ""TEN"", ""v"": 13.0, ""line"": 1.5}, {""w"": ""25W18"", ""opp"": ""BUF"", ""v"": -27.0, ""line"": 12.5}, {""w"": ""25W17"", ""opp"": ""NE"", ""v"": -32.0, ""line"": 12.5}]",0.4384643796516381,0.545219638242894,0.5078254529976572,1.8,draftkings,-0.08591418460421696,0.0,-0.1067552585912559,NYJ moneyline,-2.1,
TB @ DAL,GAME,DAL,TB,game_moneyline,DAL,0.0,4.6,6,,,9,True,,2026-10-09T00:15:00Z,"[{""w"": ""W4"", ""opp"": ""HOU"", ""v"": 4.0, ""line"": 3.0}, {""w"": ""W3"", ""opp"": ""BAL"", ""v"": -3.0, ""line"": 3.0}, {""w"": ""W2"", ""opp"": ""WAS"", ""v"": 17.0, ""line"": -3.5}, {""w"": ""W1"", ""opp"": ""NYG"", ""v"": -8.0, ""line"": -3.0}, {""w"": ""25W18"", ""opp"": ""NYG"", ""v"": -17.0, ""line"": -3.0}, {""w"": ""25W17"", ""opp"": ""WAS"", ""v"": 7.0, ""line"": -8.5}]",0.6344945884869073,0.7862190812720848,0.7387585592056537,1.23,betus,-0.09132697217704597,0.0,-0.15172449278517752,DAL moneyline,4.6,BIG-GAP:check-news 
MIN @ NO,GAME,NO,MIN,game_moneyline,NO,0.0,-4.8,6,,,9,True,,2026-10-11T17:00:00Z,"[{""w"": ""W4"", ""opp"": ""ATL"", ""v"": -21.0, ""line"": -1.5}, {""w"": ""W3"", ""opp"": ""LV"", ""v"": -8.0, ""line"": -3.5}, {""w"": ""W2"", ""opp"": ""BAL"", ""v"": 7.0, ""line"": 8.5}, {""w"": ""W1"", ""opp"": ""DET"", ""v"": -1.0, ""line"": 7.0}, {""w"": ""25W18"", ""opp"": ""ATL"", ""v"": -2.0, ""line"": 4.5}, {""w"": ""25W17"", ""opp"": ""TEN"", ""v"": 8.0, ""line"": -1.5}]",0.36126324546018873,0.4552631578947368,0.4216295234417553,2.15,bovada,-0.09349652460022612,0.0,-0.09399991243454808,NO moneyline,-4.8,
LV @ NE,GAME,LV,NE,game_moneyline,LV,0.0,7.5,6,,,9,True,,2026-10-11T17:00:00Z,"[{""w"": ""W4"", ""opp"": ""KC"", ""v"": -3.0, ""line"": 4.5}, {""w"": ""W3"", ""opp"": ""NO"", ""v"": 8.0, ""line"": 3.5}, {""w"": ""W2"", ""opp"": ""LAC"", ""v"": 12.0, ""line"": 6.5}, {""w"": ""W1"", ""opp"": ""MIA"", ""v"": 14.0, ""line"": -3.0}, {""w"": ""25W18"", ""opp"": ""KC"", ""v"": 2.0, ""line"": 3.5}, {""w"": ""25W17"", ""opp"": ""NYG"", ""v"": -24.0, ""line"": 3.0}]",0.29036168623238545,0.3694581280788178,0.34068969313002584,2.65,betmgm,-0.09717231320543152,0.0,-0.07909644184643233,LV moneyline,7.5,
CIN @ MIA,GAME,CIN,MIA,game_moneyline,CIN,0.0,-2.4,6,,,9,True,,2026-10-11T17:00:00Z,"[{""w"": ""W4"", ""opp"": ""JAX"", ""v"": -5.0, ""line"": -2.5}, {""w"": ""W3"", ""opp"": ""PIT"", ""v"": -3.0, ""line"": -3.5}, {""w"": ""W2"", ""opp"": ""HOU"", ""v"": 14.0, ""line"": 3.0}, {""w"": ""W1"", ""opp"": ""TB"", ""v"": 6.0, ""line"": -3.5}, {""w"": ""25W18"", ""opp"": ""CLE"", ""v"": -2.0, ""line"": -9.5}, {""w"": ""25W17"", ""opp"": ""ARI"", ""v"": 23.0, ""line"": -7.0}]",0.5718372728879155,0.7261410788381742,0.6759252290629069,1.33,fanduel,-0.10101944534633384,0.0,-0.15430380595025872,CIN moneyline,-2.4,BIG-GAP:check-news 
NYG @ WAS,GAME,WAS,NYG,game_moneyline,WAS,0.0,-1.1,6,,,9,True,,2026-10-11T17:00:00Z,"[{""w"": ""W4"", ""opp"": ""IND"", ""v"": -17.0, ""line"": 4.5}, {""w"": ""W3"", ""opp"": ""SEA"", ""v"": 2.0, ""line"": 8.5}, {""w"": ""W2"", ""opp"": ""DAL"", ""v"": -17.0, ""line"": 3.5}, {""w"": ""W1"", ""opp"": ""PHI"", ""v"": -2.0, ""line"": 6.0}, {""w"": ""25W18"", ""opp"": ""PHI"", ""v"": 7.0, ""line"": 3.0}, {""w"": ""25W17"", ""opp"": ""DAL"", ""v"": -7.0, ""line"": 8.5}]",0.46813040675801765,0.6271186440677965,0.572789409370624,1.56,draftkings,-0.10644852138182659,0.0,-0.15898823730977885,WAS moneyline,-1.1,BIG-GAP:check-news 
