ts,event_id,away,home,commence,spread_home,total,books
2026-10-08T05:09+00:00,259b5df9aa0d10257f56de78523495e0,Tampa Bay Buccaneers,Dallas Cowboys,2026-10-09T00:15:00Z,-8.5,48.0,9
2026-10-08T05:09+00:00,21b26266f3d78af02eb672e606275d95,Philadelphia Eagles,Jacksonville Jaguars,2026-10-11T13:30:00Z,-7.5,42.0,9
2026-10-08T05:09+00:00,2caea57b1e5cfbba1334cfbfd46f6771,Chicago Bears,Green Bay Packers,2026-10-11T17:00:00Z,2.0,45.5,9
2026-10-08T05:09+00:00,c4647ca1201e6768501877267ca8251b,Cincinnati Bengals,Miami Dolphins,2026-10-11T17:00:00Z,7.0,42.5,9
2026-10-08T05:09+00:00,9db4ed15fe34fca1fb62f040cd244591,Cleveland Browns,New York Jets,2026-10-11T17:00:00Z,-1.5,40.0,9
2026-10-08T05:09+00:00,cc52bba56e74f5cddbe9011046181c3d,Houston Texans,Tennessee Titans,2026-10-11T17:00:00Z,7.5,37.5,9
2026-10-08T05:09+00:00,448d7cf18c6db4c811ed82ded1b72867,Indianapolis Colts,Pittsburgh Steelers,2026-10-11T17:00:00Z,-2.5,44.5,9
2026-10-08T05:09+00:00,6b024bad1abb54f597225e4ab9b39d89,Las Vegas Raiders,New England Patriots,2026-10-11T17:00:00Z,-3.5,45.0,9
2026-10-08T05:09+00:00,2cda9bf0fbe35a2735f0dd8aaafe9eff,Minnesota Vikings,New Orleans Saints,2026-10-11T17:00:00Z,2.0,42.0,9
2026-10-08T05:09+00:00,fbffd0b7722fd81d68d5d62472dc80e8,New York Giants,Washington Commanders,2026-10-11T17:00:00Z,-3.5,42.5,9
2026-10-08T05:09+00:00,d1d408fdfd272046fb517fe992a1c5a0,Denver Broncos,Los Angeles Chargers,2026-10-11T20:05:00Z,3.5,42.0,9
2026-10-08T05:09+00:00,f8e7f43f73aa983c5c99c189587f0118,Detroit Lions,Arizona Cardinals,2026-10-11T20:25:00Z,5.5,54.5,9
2026-10-08T05:09+00:00,8e5d515b10d8a5ffb324640ed60bcc55,San Francisco 49ers,Seattle Seahawks,2026-10-11T20:25:00Z,-3.0,46.0,9
2026-10-08T05:09+00:00,86457f91112732f21ad4bb7d37bd291c,Baltimore Ravens,Atlanta Falcons,2026-10-12T00:20:00Z,-3.5,43.5,9
2026-10-08T05:09+00:00,e6d00eedd87d367e510314bd8cab8f6f,Buffalo Bills,Los Angeles Rams,2026-10-13T00:15:00Z,-3.0,54.5,9
2026-10-08T05:09+00:00,855f58fad5f0f14b239f4f63df27998b,Seattle Seahawks,Denver Broncos,2026-10-16T00:15:00Z,1.5,42.25,6
2026-10-08T05:09+00:00,57418b2cf5aca558b3c98eafac1e264a,Houston Texans,Jacksonville Jaguars,2026-10-18T13:30:00Z,-3.0,43.0,6
2026-10-08T05:09+00:00,7c312fdf24fb35f58b0e07c2932cc997,Chicago Bears,Atlanta Falcons,2026-10-18T17:00:00Z,1.25,47.5,6
2026-10-08T05:09+00:00,e86227938fd3cf008fc5648fb5128344,Baltimore Ravens,Cleveland Browns,2026-10-18T17:00:00Z,2.5,40.5,6
2026-10-08T05:09+00:00,caca2d752fe1a1779029082e95332fcc,Carolina Panthers,Philadelphia Eagles,2026-10-18T17:00:00Z,-2.0,42.5,6
2026-10-08T05:09+00:00,84aa9e190e625d7e9cd67e1f157a45b4,Tennessee Titans,Indianapolis Colts,2026-10-18T17:00:00Z,-6.5,43.5,6
2026-10-08T05:09+00:00,0b0b582b32b09ab6ff6664ffae0c9653,New York Jets,New England Patriots,2026-10-18T17:00:00Z,-7.0,43.0,6
2026-10-08T05:09+00:00,1cf74afd313e9fd300e1462012b174cb,New Orleans Saints,New York Giants,2026-10-18T17:00:00Z,1.0,44.5,6
2026-10-08T05:09+00:00,27f3994841ce8081c0b7349cf3d1e3d7,Pittsburgh Steelers,Tampa Bay Buccaneers,2026-10-18T17:00:00Z,2.5,39.0,6
2026-10-08T05:09+00:00,3729ac6d2a66b642850caf2044cdc658,Arizona Cardinals,Los Angeles Rams,2026-10-18T20:05:00Z,-10.5,50.5,6
2026-10-08T05:09+00:00,45b2690b350ed45145c7a716b18e8e66,Buffalo Bills,Las Vegas Raiders,2026-10-18T20:25:00Z,4.5,51.25,6
2026-10-08T05:09+00:00,20fefae8c296247460ba5773caa42218,Los Angeles Chargers,Kansas City Chiefs,2026-10-18T20:25:00Z,-7.25,45.25,6
2026-10-08T05:09+00:00,82fd5a159fa130e67abab93a9537f70b,Dallas Cowboys,Green Bay Packers,2026-10-19T00:20:00Z,2.0,50.0,6
2026-10-08T05:09+00:00,f122527f003276d3bca19efa48c902c1,Washington Commanders,San Francisco 49ers,2026-10-20T00:15:00Z,-7.5,49.5,6
2026-10-08T05:14+00:00,259b5df9aa0d10257f56de78523495e0,Tampa Bay Buccaneers,Dallas Cowboys,2026-10-09T00:15:00Z,-8.5,48.0,9
2026-10-08T05:14+00:00,21b26266f3d78af02eb672e606275d95,Philadelphia Eagles,Jacksonville Jaguars,2026-10-11T13:30:00Z,-7.5,42.0,9
2026-10-08T05:14+00:00,2caea57b1e5cfbba1334cfbfd46f6771,Chicago Bears,Green Bay Packers,2026-10-11T17:00:00Z,2.0,45.5,9
2026-10-08T05:14+00:00,c4647ca1201e6768501877267ca8251b,Cincinnati Bengals,Miami Dolphins,2026-10-11T17:00:00Z,6.5,42.5,9
2026-10-08T05:14+00:00,9db4ed15fe34fca1fb62f040cd244591,Cleveland Browns,New York Jets,2026-10-11T17:00:00Z,-1.5,40.0,9
2026-10-08T05:14+00:00,cc52bba56e74f5cddbe9011046181c3d,Houston Texans,Tennessee Titans,2026-10-11T17:00:00Z,7.5,37.5,9
2026-10-08T05:14+00:00,448d7cf18c6db4c811ed82ded1b72867,Indianapolis Colts,Pittsburgh Steelers,2026-10-11T17:00:00Z,-2.5,44.5,9
2026-10-08T05:14+00:00,6b024bad1abb54f597225e4ab9b39d89,Las Vegas Raiders,New England Patriots,2026-10-11T17:00:00Z,-3.5,45.0,9
2026-10-08T05:14+00:00,2cda9bf0fbe35a2735f0dd8aaafe9eff,Minnesota Vikings,New Orleans Saints,2026-10-11T17:00:00Z,2.0,42.0,9
2026-10-08T05:14+00:00,fbffd0b7722fd81d68d5d62472dc80e8,New York Giants,Washington Commanders,2026-10-11T17:00:00Z,-3.5,42.5,9
2026-10-08T05:14+00:00,d1d408fdfd272046fb517fe992a1c5a0,Denver Broncos,Los Angeles Chargers,2026-10-11T20:05:00Z,3.5,42.0,9
2026-10-08T05:14+00:00,f8e7f43f73aa983c5c99c189587f0118,Detroit Lions,Arizona Cardinals,2026-10-11T20:25:00Z,5.5,54.5,9
2026-10-08T05:14+00:00,8e5d515b10d8a5ffb324640ed60bcc55,San Francisco 49ers,Seattle Seahawks,2026-10-11T20:25:00Z,-3.0,46.0,9
2026-10-08T05:14+00:00,86457f91112732f21ad4bb7d37bd291c,Baltimore Ravens,Atlanta Falcons,2026-10-12T00:20:00Z,-3.5,43.5,9
2026-10-08T05:14+00:00,e6d00eedd87d367e510314bd8cab8f6f,Buffalo Bills,Los Angeles Rams,2026-10-13T00:15:00Z,-3.0,54.5,9
2026-10-08T05:14+00:00,855f58fad5f0f14b239f4f63df27998b,Seattle Seahawks,Denver Broncos,2026-10-16T00:15:00Z,1.5,42.25,6
2026-10-08T05:14+00:00,57418b2cf5aca558b3c98eafac1e264a,Houston Texans,Jacksonville Jaguars,2026-10-18T13:30:00Z,-3.0,43.0,6
2026-10-08T05:14+00:00,7c312fdf24fb35f58b0e07c2932cc997,Chicago Bears,Atlanta Falcons,2026-10-18T17:00:00Z,1.25,47.5,6
2026-10-08T05:14+00:00,e86227938fd3cf008fc5648fb5128344,Baltimore Ravens,Cleveland Browns,2026-10-18T17:00:00Z,2.5,40.5,6
2026-10-08T05:14+00:00,caca2d752fe1a1779029082e95332fcc,Carolina Panthers,Philadelphia Eagles,2026-10-18T17:00:00Z,-2.0,42.5,6
2026-10-08T05:14+00:00,84aa9e190e625d7e9cd67e1f157a45b4,Tennessee Titans,Indianapolis Colts,2026-10-18T17:00:00Z,-6.5,43.5,6
2026-10-08T05:14+00:00,0b0b582b32b09ab6ff6664ffae0c9653,New York Jets,New England Patriots,2026-10-18T17:00:00Z,-7.0,43.0,6
2026-10-08T05:14+00:00,1cf74afd313e9fd300e1462012b174cb,New Orleans Saints,New York Giants,2026-10-18T17:00:00Z,1.0,44.5,6
2026-10-08T05:14+00:00,27f3994841ce8081c0b7349cf3d1e3d7,Pittsburgh Steelers,Tampa Bay Buccaneers,2026-10-18T17:00:00Z,2.5,39.0,6
2026-10-08T05:14+00:00,3729ac6d2a66b642850caf2044cdc658,Arizona Cardinals,Los Angeles Rams,2026-10-18T20:05:00Z,-10.5,50.5,6
2026-10-08T05:14+00:00,45b2690b350ed45145c7a716b18e8e66,Buffalo Bills,Las Vegas Raiders,2026-10-18T20:25:00Z,4.5,51.25,6
2026-10-08T05:14+00:00,20fefae8c296247460ba5773caa42218,Los Angeles Chargers,Kansas City Chiefs,2026-10-18T20:25:00Z,-7.25,45.25,6
2026-10-08T05:14+00:00,82fd5a159fa130e67abab93a9537f70b,Dallas Cowboys,Green Bay Packers,2026-10-19T00:20:00Z,2.0,50.0,6
2026-10-08T05:14+00:00,f122527f003276d3bca19efa48c902c1,Washington Commanders,San Francisco 49ers,2026-10-20T00:15:00Z,-7.5,49.5,6
2026-10-08T05:39+00:00,259b5df9aa0d10257f56de78523495e0,Tampa Bay Buccaneers,Dallas Cowboys,2026-10-09T00:15:00Z,-8.5,48.0,9
2026-10-08T05:39+00:00,21b26266f3d78af02eb672e606275d95,Philadelphia Eagles,Jacksonville Jaguars,2026-10-11T13:30:00Z,-7.5,42.0,9
2026-10-08T05:39+00:00,2caea57b1e5cfbba1334cfbfd46f6771,Chicago Bears,Green Bay Packers,2026-10-11T17:00:00Z,2.0,45.5,9
2026-10-08T05:39+00:00,c4647ca1201e6768501877267ca8251b,Cincinnati Bengals,Miami Dolphins,2026-10-11T17:00:00Z,6.5,42.5,9
2026-10-08T05:39+00:00,9db4ed15fe34fca1fb62f040cd244591,Cleveland Browns,New York Jets,2026-10-11T17:00:00Z,-1.5,40.0,9
2026-10-08T05:39+00:00,cc52bba56e74f5cddbe9011046181c3d,Houston Texans,Tennessee Titans,2026-10-11T17:00:00Z,7.5,37.5,9
2026-10-08T05:39+00:00,448d7cf18c6db4c811ed82ded1b72867,Indianapolis Colts,Pittsburgh Steelers,2026-10-11T17:00:00Z,-2.5,44.5,9
2026-10-08T05:39+00:00,6b024bad1abb54f597225e4ab9b39d89,Las Vegas Raiders,New England Patriots,2026-10-11T17:00:00Z,-3.5,45.0,9
2026-10-08T05:39+00:00,2cda9bf0fbe35a2735f0dd8aaafe9eff,Minnesota Vikings,New Orleans Saints,2026-10-11T17:00:00Z,2.0,42.0,9
2026-10-08T05:39+00:00,fbffd0b7722fd81d68d5d62472dc80e8,New York Giants,Washington Commanders,2026-10-11T17:00:00Z,-3.5,42.0,9
2026-10-08T05:39+00:00,d1d408fdfd272046fb517fe992a1c5a0,Denver Broncos,Los Angeles Chargers,2026-10-11T20:05:00Z,3.5,42.0,9
2026-10-08T05:39+00:00,f8e7f43f73aa983c5c99c189587f0118,Detroit Lions,Arizona Cardinals,2026-10-11T20:25:00Z,5.5,54.5,9
2026-10-08T05:39+00:00,8e5d515b10d8a5ffb324640ed60bcc55,San Francisco 49ers,Seattle Seahawks,2026-10-11T20:25:00Z,-3.0,46.0,9
2026-10-08T05:39+00:00,86457f91112732f21ad4bb7d37bd291c,Baltimore Ravens,Atlanta Falcons,2026-10-12T00:20:00Z,-3.5,43.5,9
2026-10-08T05:39+00:00,e6d00eedd87d367e510314bd8cab8f6f,Buffalo Bills,Los Angeles Rams,2026-10-13T00:15:00Z,-3.0,54.5,9
2026-10-08T05:39+00:00,855f58fad5f0f14b239f4f63df27998b,Seattle Seahawks,Denver Broncos,2026-10-16T00:15:00Z,1.5,42.25,6
2026-10-08T05:39+00:00,57418b2cf5aca558b3c98eafac1e264a,Houston Texans,Jacksonville Jaguars,2026-10-18T13:30:00Z,-3.0,43.0,6
2026-10-08T05:39+00:00,7c312fdf24fb35f58b0e07c2932cc997,Chicago Bears,Atlanta Falcons,2026-10-18T17:00:00Z,1.25,47.5,6
2026-10-08T05:39+00:00,e86227938fd3cf008fc5648fb5128344,Baltimore Ravens,Cleveland Browns,2026-10-18T17:00:00Z,2.5,40.5,6
2026-10-08T05:39+00:00,caca2d752fe1a1779029082e95332fcc,Carolina Panthers,Philadelphia Eagles,2026-10-18T17:00:00Z,-2.0,42.5,6
2026-10-08T05:39+00:00,84aa9e190e625d7e9cd67e1f157a45b4,Tennessee Titans,Indianapolis Colts,2026-10-18T17:00:00Z,-6.5,43.5,6
2026-10-08T05:39+00:00,0b0b582b32b09ab6ff6664ffae0c9653,New York Jets,New England Patriots,2026-10-18T17:00:00Z,-7.0,43.0,6
2026-10-08T05:39+00:00,1cf74afd313e9fd300e1462012b174cb,New Orleans Saints,New York Giants,2026-10-18T17:00:00Z,1.0,44.5,6
2026-10-08T05:39+00:00,27f3994841ce8081c0b7349cf3d1e3d7,Pittsburgh Steelers,Tampa Bay Buccaneers,2026-10-18T17:00:00Z,2.5,39.0,6
2026-10-08T05:39+00:00,3729ac6d2a66b642850caf2044cdc658,Arizona Cardinals,Los Angeles Rams,2026-10-18T20:05:00Z,-10.5,50.5,6
2026-10-08T05:39+00:00,45b2690b350ed45145c7a716b18e8e66,Buffalo Bills,Las Vegas Raiders,2026-10-18T20:25:00Z,4.5,51.25,6
2026-10-08T05:39+00:00,20fefae8c296247460ba5773caa42218,Los Angeles Chargers,Kansas City Chiefs,2026-10-18T20:25:00Z,-7.25,45.25,6
2026-10-08T05:39+00:00,82fd5a159fa130e67abab93a9537f70b,Dallas Cowboys,Green Bay Packers,2026-10-19T00:20:00Z,2.0,50.0,6
2026-10-08T05:39+00:00,f122527f003276d3bca19efa48c902c1,Washington Commanders,San Francisco 49ers,2026-10-20T00:15:00Z,-7.5,49.5,6
